rainfall_intensity_mmhr,slope_gradient_pct,soil_clay_pct,flow_length_m,land_cover_index,vegetation_cover_pct,check_dam_density_no_km,soil_moisture_m3m3,manning_n,gully_depth_m,sediment_yield_observed_t_ha_yr,sediment_yield_predicted_t_ha_yr,prediction_uncertainty_t_ha_yr
22.364580022492078,25.86271635190177,16.760359300680626,171.63868810981373,0.19296118053633138,48.108256401604955,2.936618545711523,0.3656881819431652,0.039751296300102004,0.5211816057788757,14.815557391059468,13.847114785076982,0.5366950474156835
21.992326374040367,23.170623547645555,14.400502477230408,73.9935179433241,0.05608345950601734,31.77448906754984,5.466227731213714,0.19744858292712536,0.0388568759356227,1.310538301971815,10.959647925473782,11.220349375646636,0.5103368044870282
12.654459803689875,13.476174608149345,22.81065007411009,105.27545714695555,0.17983801797713073,64.29420006358626,5.466855869460414,0.1838751089436232,0.056697568663023765,1.065264961464125,9.556943452582978,8.728476752639153,0.6365802070472005
12.978202938176901,18.320057510093356,9.327963429089694,69.30636062448917,0.5084212807744103,19.706570462577155,5.525291054502491,0.30399307100569184,0.03981009557329533,2.0176833354612107,8.815044536217814,9.768014016338356,0.7033511095200653
40.44478589154097,26.207036759685305,17.653161103167527,48.52752357064696,0.8541734561081626,20.34045380856052,2.400017104211111,0.09925399968187425,0.0879437794283687,1.7483810484945346,16.031891204667524,15.840604200011624,0.6461650906404086
10.005941368972925,23.80717530279871,10.495078649618971,95.85977881037384,0.6532368324712254,22.806956425123193,2.8410097895937305,0.32976643710481063,0.03354984343594297,1.82374568419639,8.536536098207499,9.545789953929107,0.7284168689409936
6.579603454955802,18.59078932098691,25.83325621252335,211.8456778016988,0.600902969523361,64.2164140513197,4.954011821711562,0.15989831500132168,0.030736487404693466,1.0861031435411952,9.583079872304724,9.299800716941501,0.6342279292722434
52.48781768620104,12.800143555765093,28.962606422723272,103.7762436034995,0.747953542095095,59.60779089214127,0.7209487291502394,0.24690319914239683,0.02304667763750509,0.34726188067691693,16.54341404523545,17.164581913892242,0.692202146291522
34.40249830404962,8.437659513822508,11.784382523297033,156.64492429311818,0.6399114745585177,25.219071302152496,0.6865097729458243,0.14161619762908279,0.05868137122174165,1.7428573130031153,13.378993899679,12.287866504586784,0.4074043331914413
20.699929039208428,30.20525435915649,37.71370902872408,77.01456322239451,0.44342726445456737,15.791345921957788,5.530367977479004,0.31499453050399856,0.07182301332071947,1.5033075369622242,14.252274149181853,16.460934698828773,0.48599955564669817
27.389881179880724,29.609407190153288,11.291186803490334,193.07141008400777,0.8153634452631032,7.114227437738869,0.17660332762233222,0.3860702157497498,0.061043913424643464,0.5688169304038372,14.176783397845881,12.239171584844984,0.47920538802646073
17.982390885270295,23.399080878524487,21.471147076260085,144.98006979537894,0.3101844704534268,56.28683922687522,2.2972429178845006,0.2530667607034351,0.03457933027824849,1.7378718278470446,13.704918968334212,12.898067840358204,0.4367375893704105
45.64711893676335,22.14026448352182,25.033375550690113,210.0908030917562,0.9281149072819286,45.41548148890342,1.1696773405939183,0.38422937276344155,0.08463996183201647,0.583671052824411,19.254071522605507,17.634833703618757,0.936161319254827
31.0028853601832,9.08989344183566,27.792145956992094,85.19041919339811,0.11619058251729963,57.673576746720556,0.5039191367241085,0.20866217228909223,0.04655078772766057,1.7054007694654705,13.339984417892625,14.252324653031822,0.40389347983066765
31.4548626550718,18.401946152632892,18.849584018679415,127.60671436958486,0.6376798928642896,58.1191324648259,5.843208601794945,0.17164848623747883,0.029856093859578638,1.6558667164734007,10.66229526288123,11.2774513202672,0.5370985441203578
28.209862933703388,19.515958644305485,32.24485559026719,58.20913194693591,0.5005163530401366,68.35820277766247,0.9957136899664614,0.34835532615811876,0.03337389258079736,0.314282957964845,14.375636401177625,12.986902189935437,0.49710215832631766
6.531802318475085,18.842448735377204,19.60623351583628,47.17684707709964,0.42576165667666543,36.197474671355934,2.5918491353637485,0.09213818401258489,0.05067479103272057,1.772075121317383,7.4344145561751125,8.571124322142756,0.8276078077239084
65.31866617885905,12.262747761395929,16.591471150882278,137.0719267431969,0.4297163797949136,67.04556201811607,1.537035026212088,0.16997612147527544,0.05810631269869193,1.074552777634498,20.30420413132951,19.507866065322652,1.0306732540399872
13.453428679473056,8.714350744657661,23.407999476884456,180.683349203336,0.04220752403904726,37.682561904779156,2.947017578994607,0.30095672359918446,0.062101414098415145,1.2625079482966357,10.179405739478284,10.62094904691986,0.580558601226623
11.713464675186325,32.941343720332235,11.856704929806831,59.958899078994015,0.7515138048628117,58.08660583429701,4.601365223737432,0.14045174600183385,0.025126604071300206,2.132914916478173,7.191287374222648,7.900513819367969,0.8494892540996302
12.617189377899173,21.69033946593328,40.84937792028349,160.5832981220687,0.35234708016206495,46.33564622727616,3.958301675547236,0.3649450005578742,0.0807246199883457,2.0477136258834885,12.529779893497455,12.250627246843043,0.36902492736489756
16.930330165903285,30.87708190958435,26.70331829944226,154.31097962288257,0.47663635697337703,74.1068527922425,3.430498615147715,0.23429689699837591,0.04355012634567229,1.0270693565352473,13.245603203943812,14.282836005439442,0.3953991705752745
18.28704578365122,25.159552688659915,12.897827818803133,116.50976623689121,0.8475940869705246,32.759634018210164,3.0640875642588457,0.15868903226124115,0.03815777935899911,1.6481892662129807,10.93906675893534,10.774783110398687,0.512189109475488
34.13145985941382,29.609262536508066,35.06631533962167,173.3823502089858,0.577108501080367,56.737034681121855,0.7911122730446967,0.1988015806422732,0.06812975371753575,1.2748628913850428,17.625103316682186,18.01126195591959,0.7895541807217281
48.788502316838304,11.479927823585184,32.49290238109241,138.78128917824097,0.8514365951571664,49.85712267914918,2.415021956787223,0.17079914405063584,0.06294926049535035,1.8621788915853654,16.739152155592446,16.426649716752443,0.7098185762236515
37.41918910800826,8.181025824451787,22.637223570515886,209.29997807153174,0.13707939456275986,79.90120015977524,5.431595713012722,0.3042941230113181,0.08949744632168645,0.9073483192545193,15.69824637847574,13.568472737715028,0.6161370562831481
11.858446480592809,23.416108625214303,41.44585800811395,172.74111906115093,0.28181754969450523,10.79463307844927,4.923138273568261,0.11516953495678459,0.048724727100243406,1.194781325232045,16.37114123986583,16.23031177142524,0.676697593808256
16.3574696687251,21.480395319204533,25.020911083533147,197.31865636021234,0.22793241443112855,49.8581648657833,0.38843849083268966,0.35317544170374277,0.0328273613757936,0.513578339521368,14.156617116815386,13.16063777099037,0.4773904227337162
7.85514944907091,7.893893913540991,15.233551949073075,92.27362557216424,0.8863342807242539,22.433235681900893,5.042660526766866,0.1276223154933498,0.08809352279057099,2.0606932318692004,5.2394443426011525,6.826631079832979,1.0251551269455648
14.0315242739712,23.338860849194937,34.90268700674248,182.19983621907647,0.7815571951471503,71.31394535752585,4.968231851094409,0.17038949978711587,0.05374117367028776,2.01136593852371,11.792677899751714,10.23751720670479,0.43536410680201426
7.515425376621735,10.456973788845511,39.57724008095956,218.40483778309883,0.8341008569008981,64.58742551010485,4.811764894988436,0.2805455365334803,0.06630684151400566,0.8245185247165414,10.860368709872544,12.25689013848117,0.5192719338911396
19.13195433148649,8.24501122530626,16.920684757935586,52.69296742904246,0.5686835601201101,54.637952173954936,4.888875753232382,0.19334611763345766,0.022962058498137816,1.407649249747226,7.410305013220874,7.206505228951858,0.8297776665897898
18.719102326449967,34.55685676910517,8.228510752490154,122.23588906731875,0.22074891177888667,41.026145643930874,5.898204110862242,0.24321710816255393,0.04351201786928777,1.01888815862165,13.779284329786488,14.242354751804115,0.4434304719011154
39.853592713946256,21.671490700107345,28.715522469778463,192.46719661730504,0.3769983743370917,56.09687738076474,0.3312331521412597,0.26211337967315873,0.08910573836858163,0.5960110044670509,20.09679533620858,18.523690517597135,1.0120064624791034
35.48043365398132,14.893018297334807,32.91452133342297,99.32527337737618,0.5503008731811014,46.575322355058326,2.3028283524118347,0.16288698787664074,0.08750645089843861,0.38554375129003116,16.24660170612873,15.894580842605166,0.665489035771917
22.094285639172583,7.94167458230282,16.86906347423806,121.64663476481488,0.018978577205020386,26.54742989791349,5.810625864083187,0.2510725713530978,0.0888905985802647,1.8633812651970614,10.158250327000294,9.400583901849327,0.582462588349642
16.01612979310066,32.50167355202875,40.76430588053741,169.5254717891109,0.6396422677419699,66.4566615923535,3.3160136212614715,0.3805964789954068,0.0776751669860877,0.849362805968912,15.489207167245093,17.886903590695905,0.5973235272723898
15.827936304651718,33.277375181734584,13.699666634551503,184.93949196933585,0.8548694969042162,43.44320490790329,4.0937829138432695,0.08079228127449746,0.05503560564546449,1.2793395310847857,9.933762724557429,9.14790914247036,0.6026664725694999
6.395893510160618,12.70866030925621,35.239327234763614,59.90609665476295,0.32563532541352613,24.283933685514814,2.1711312982986715,0.2707930923919813,0.06004135119049031,2.0150975859040696,10.140086096735782,11.454935457599149,0.5840973690734481
22.029964340129055,18.050752459211097,37.794544755182976,98.22199701210839,0.6797895420779172,54.82629778182969,1.2713955613390804,0.18246594339977396,0.025239694976275727,0.3377826335674641,13.6611733326119,14.991969228854886,0.43280048215540246
15.087931037987289,24.366427295249593,13.810065423835017,98.90104123763872,0.48356328891514255,6.398133337187465,5.870555954218861,0.35585769429581166,0.07552922988359191,1.3400510459599122,9.117022150907871,10.41579365293208,0.67617312419796
47.97173528196004,8.334703672227286,25.045690450465308,50.56485038166081,0.003977491967490088,59.00670387199884,2.1699130968712104,0.11090944920133208,0.07243497607167691,2.1154368245777655,19.626907315432423,18.949889127334707,0.9697165406092494
8.268777208285112,21.108718005822897,8.953591712579328,38.23033110544907,0.28399219291591093,40.275124542777036,3.3652027470732833,0.09939983067291554,0.06958081049634324,1.8376405042962152,8.266830328470807,10.324411953586747,0.752690388217296
6.827576927430229,11.559259760970221,29.824230284383308,168.93884247035035,0.5278602538258668,52.57356618280661,1.4628886214056127,0.20956680844661046,0.04677962901649936,0.7166912962259071,8.452815012123166,10.746701798768338,0.7359517666885835
6.710808363851001,11.757915639646372,26.580295837758797,190.39848461134753,0.7249084783746015,16.791322915371808,5.801707434049485,0.2955975161326408,0.0386094279886358,0.6816641883371326,11.632578135838951,12.051090625829044,0.44977308555416295
39.13949112096611,23.091850064452228,34.46124386456231,210.38373007292012,0.4020337673740981,58.86890498259689,1.5504827878933978,0.0820646623878773,0.0766943044011022,1.748724380351273,18.889214736094463,18.358660030260566,0.903324208468833
6.756379289369424,14.302246331243126,25.043440366084763,211.2589986340958,0.18624539551802888,59.24570635755659,5.483671965564529,0.3395948205156839,0.08821762594478319,0.4514880706250328,10.964668841106604,9.983531669090182,0.5098849220800741
8.299273326626732,21.51058839927951,20.0320649078072,218.93683276293527,0.0610497208163302,60.6192922855425,1.7508588582627134,0.18768435468162503,0.049643876441131635,1.438788471908566,11.62958543964759,12.167390850815908,0.45004242821138546
15.667325374066442,12.86927593558282,12.64684038918359,36.598630727315445,0.7146921001006208,40.03998953901451,5.681553564449971,0.3744810693525207,0.023886047181159185,0.7447946838755588,6.471349401870644,6.545338014074897,0.9142836716113105
14.701758589875261,19.630682655141133,9.736502988548954,99.35947706375043,0.3650413404132077,53.037979431697195,2.203991492307451,0.36984499394991566,0.08305088589450182,1.8945886871904636,9.078460441650138,9.286755697611811,0.6796436780311561
9.032376969445185,32.96694807279232,25.98028891264962,36.43121692149205,0.6471042038961071,46.19414132786135,5.2323626447903395,0.32441889243185107,0.06826105149151536,1.0208906490098042,12.969447144771095,11.432877767091785,0.37054512524973
29.30958651143938,19.541760624408454,39.242058161756475,155.5779954035123,0.2217518385907885,22.480988464427565,3.5989490645616375,0.3158418079160252,0.0669995430010809,1.088447617792944,18.91846570027904,18.95602885160461,0.9059567952454449
26.98361468336259,20.040539448968204,34.04416418519437,214.47831249299355,0.7546855371542496,6.726715116856248,0.6829435190370508,0.2722599022923172,0.08609805312976761,1.8093891945484177,16.872907774612617,18.176895215081267,0.721856581935467
20.859973683285844,19.785203135145757,21.366102987165615,27.336729642191454,0.34438616569984715,36.018262866795375,1.7737277323678653,0.3342360229765366,0.06693474875486168,0.4673665924019387,9.233113324823314,10.162423813205415,0.6657249185455703
10.37813900175473,30.6968723685289,41.44668032396181,125.26593751077526,0.05236868014359053,66.11877873168879,4.5653256012009304,0.1369865844993575,0.06322566443446678,1.441826492327213,15.31667886783136,14.844579865667642,0.5817959803251538
26.43147504880523,25.45217256125983,14.256002591221709,126.65266619205526,0.5102334997148489,29.167807941190308,4.005226134949813,0.34147466669050425,0.06970776360761224,2.1289776060016123,12.104372709816161,11.980065180944203,0.40731157389621403
33.06161535168016,5.918758868544126,41.919384484014266,52.654983340150864,0.7314466472759033,61.175137749740536,2.1365878705619825,0.2608665512802562,0.05387608554486353,1.5357139088677954,14.676600439967133,13.002698656542039,0.5241889218173734
24.480228203408036,8.538623538655022,15.824616476428709,186.69372076001022,0.9324971579458695,52.974913061232,1.1720726295281845,0.33023224645609855,0.04008902940623431,0.4554048394439121,9.362507811480409,8.604120324791548,0.6540794147464317
2.1678336800979157,22.33663298946815,13.719432454960817,98.9445585158324,0.9708577809314796,31.49480030421042,4.972996237317865,0.23801555435700572,0.03762513868596792,2.026212181266951,5.645600399228862,5.257968052849417,0.9886010818490709
15.25126639966389,27.80542645780745,37.183298232182665,104.09291584673919,0.4564196071657546,5.043167327365137,3.7343040571656805,0.281906784620287,0.07083716033754532,0.5449993130447452,14.294053620895403,15.016138646456186,0.4897597081009176
10.929206077411166,8.510211979023047,23.94101961137902,212.39166505456265,0.6118733570754354,37.32546431583988,4.091788453455586,0.1893109556615818,0.036982635658143,1.000808766272401,10.544854485499675,9.739617794945614,0.5476682140846978
19.81981597133012,20.083538076874568,38.32315842541716,69.4767382804726,0.5572209274377481,34.463765263101564,2.8744008463309436,0.21581170690068674,0.08518089439632652,0.6451893228601723,11.625175642362368,10.444152830243477,0.4504393099670554
48.84415741531191,24.27485728658269,33.43336838324946,97.09360376303265,0.53354158803857,15.405697890879532,2.1020451644229072,0.19672743255092123,0.048209923693420274,1.6715202305645813,21.835377644334294,22.69913180337803,1.1684788702104179
25.05725383030964,17.024068825677954,13.328821145621852,174.030070240441,0.1145391152070685,66.40457308061085,2.2934971054562467,0.316989210418373,0.06434981733534148,0.8032942447644054,13.082397060702528,12.600627630383302,0.3807106176835589
9.725864420284308,25.805215016347795,12.14542548389381,115.99650663122274,0.6708650452525811,76.66119880403828,0.18667037868906133,0.14417565640081392,0.022995957687700283,0.7961072615159424,8.81233313587432,7.855936118657189,0.7035951355509797
26.58078710807194,15.27879074155977,23.19006323028742,140.68399743658284,0.9652702483565516,14.093222098857748,5.662578226476074,0.37776679122074686,0.05142577409406447,1.0857629811154264,11.858565274659489,12.784714833736597,0.4294342430603146
7.237166387228606,23.690561598622946,27.092524507579572,115.5626275217499,0.12680288860161282,22.320587720089012,2.1992775954956105,0.3453710363722516,0.04796927270314427,0.843579771028141,12.73455263568634,13.257565068829226,0.35059538056789796
18.063076296592197,27.97130982947078,22.389280248734796,76.66510451372781,0.31185450791694913,52.437263683716694,2.8978145562702964,0.3557551332365719,0.07282606046396274,1.7906592835106034,12.556361831740924,12.319844664265673,0.36663255292298536
37.27751613882044,33.674506656192676,15.207617824061888,52.54543135006336,0.07704991555536056,76.31465094013056,2.1429364615457365,0.37247387406580607,0.023879392370636243,1.3006981382412142,16.333328798166207,15.932868766884,0.67329447405529
18.19545328239714,24.166854827682602,15.396033861166096,190.0268307273362,0.4027828974344817,75.04994780911241,2.131116281470833,0.21952621809531897,0.0481646685562538,1.3562494996029049,12.179238733094802,12.611900862455915,0.4005736318011363
6.77747831106367,15.54738295217782,25.33690657050782,75.0425366408682,0.4816721160444959,74.85081622622059,4.113686620994651,0.3654127880371101,0.08006935353099821,0.6070897786428708,10.253955648967025,10.86814831403839,0.5738491093726362
16.99360019137743,26.637219113411305,8.486178241408743,219.47347605884863,0.35801809116928685,38.01087347363976,4.022136300266913,0.22211358322401498,0.06679491115580125,2.035630137699569,10.200942050609763,10.439101400732548,0.5786203332247899
37.09490150834328,29.134386350245858,22.924237968783302,22.012860892852842,0.47658214417901135,78.9427096634654,4.861350100596988,0.11251376032148773,0.07441974662670334,0.9628826158466128,16.011520936092623,16.149050058474128,0.6443317664686674
9.17198189722868,17.439088552156534,9.129652330279814,196.38945675349498,0.8029668666502157,32.34974661497026,0.4307495964881216,0.09586731074910684,0.07342871495652704,1.017022087383422,8.190977518242164,7.499425114196799,0.7595171411378738
26.31314831861934,15.877010606348147,37.686587212724135,209.47366039411563,0.21392359326567445,11.502452294131352,5.244352133069516,0.1003466799186532,0.06633621400754686,0.7605395902617849,16.319356394873463,15.696116383257458,0.6720369577589431
38.41433130808088,9.574039844996747,29.08379426396947,31.74098904073013,0.757971695170944,57.83293750455896,5.740093209205379,0.14016211711465484,0.04739077976848137,2.124356409295611,11.062243991777548,10.866363984137594,0.5011031585196892
22.134102923989165,25.306989396884678,13.446404598639205,145.51466841193525,0.7932879975272654,46.71383299945735,5.9346369898155755,0.195137619254139,0.04795752866109074,1.453400204409684,9.1766975313991,8.081042492813536,0.6708023399537495
17.48667113369659,18.34607619455785,34.131269578005316,176.53582286163376,0.5811331310703819,64.95848496455538,0.7727519536359095,0.3933607588276927,0.02358274710024554,0.41581677482260254,13.966574577562668,12.737599259536942,0.4602865942009715
9.80514474633205,8.987260285280573,24.748955433182186,143.07268533955144,0.31532118755191585,51.583086201327525,2.9201841934456767,0.1571839152657294,0.033649946442375164,0.6659625835911134,7.220016086393024,7.117720563326724,0.8469036700042964
10.80153961804387,21.843717594263598,25.364026246776454,196.02377231065904,0.9365008323525994,66.54851710907806,5.634257440955843,0.3721573799951031,0.0590661308769565,1.2128481542224572,11.613725806320195,12.741694077070049,0.45146979521085095
14.127749771215072,34.696363374240356,16.708327593870624,46.49605368783796,0.3639035560911019,30.79184984652256,4.553619000849322,0.33933870503871333,0.08265555882751027,0.6569193181317646,10.915286134881327,8.552167828511596,0.514329365640349
26.749216882756887,6.539890039320978,21.387718615919,209.7513879373393,0.04992118491536035,26.59527041173906,0.36120750839949034,0.3555593037448638,0.06285600087551332,1.4495676178981944,14.697172295082732,14.250932398016376,0.5260403887777773
64.09879035039464,20.465551213366982,37.85723349927859,130.10166887633147,0.13608785198371753,61.79347323724936,5.221826497980286,0.3311238054295172,0.04709335188267467,0.8850047192912638,23.188325358880803,23.49899642439367,1.2902441645196037
9.254972816112435,33.074768085994556,13.004814867522246,88.87460423216172,0.8915900056444146,42.32890446709371,5.031273521448277,0.3913899438665942,0.07823539696164011,0.964267202465187,8.806595259528674,10.029023614031622,0.7041115444220879
24.453681614200708,33.77382099773339,29.206041349412235,125.03690524670324,0.14997648119839757,18.454652268459455,4.681008183596344,0.11834045072706914,0.05141389411977375,1.7946478168998106,16.134086003520977,18.185969966038247,0.6553626225372193
32.73835636008099,15.25166192099668,15.374576873579235,87.86301289616765,0.4473941416007615,33.12643964770757,2.471022153452462,0.2332729737056844,0.038191697449876744,1.2963082027175459,13.679252429497955,13.3853184458581,0.4344276008751474
17.28705876221688,10.14818324389683,23.123348584657744,111.08861829847828,0.6919715608214649,65.04932115099203,3.793768058823117,0.1897073836977512,0.025605098873103145,0.5147539336543107,9.860130145712542,12.10880686490341,0.6092934046655397
16.775048025710667,17.62180479802461,26.122722133738677,51.292293786147106,0.5736447009236711,74.29416360667052,4.295538001125784,0.17095599523198196,0.07799854828239904,1.0065998817023878,9.54414853217976,10.06349383043994,0.6377317498834902
4.709278158876416,14.555869620920012,12.14085084873878,188.92947888164954,0.6533717002147803,62.024170360718955,2.37989825665859,0.22298371892011204,0.0631184245253584,2.0030497450242413,7.710242944435872,8.638463501815956,0.80278325278044
19.25776654894829,19.47757557097547,10.669351637764994,97.92385803143046,0.34881466452617604,58.85939414978797,4.704001360229594,0.2338974771382864,0.06065743123301158,1.9077018026827197,9.935485163472917,8.720955589738606,0.6025114530671061
16.22791599631517,22.878803817860664,24.458014412685365,113.40231624353868,0.6622361384386447,65.8735962384805,1.639726136591076,0.395502774713256,0.07044691067486798,1.7437001520732784,10.126907609355642,10.643783960939661,0.5852834329376607
13.071492378774765,28.047208521506203,21.91768366720514,201.91518353255006,0.009085575017453107,20.039770803081637,1.101804943052035,0.1646981371540145,0.0623528254049055,1.9027014883881093,15.175204653586151,16.201846001908688,0.569063301043085
21.479338700103145,24.024721708457683,39.31384269715739,201.4004052846819,0.2632502364635927,48.46858703990017,5.153396154664601,0.37173799080856745,0.04453686741004474,0.4738669863035496,16.18567447667999,15.399810772132719,0.6600055851215303
7.757141330429073,31.761630699760786,31.731870620094547,177.61642667569382,0.12359984350615028,49.56393010731924,2.0359269120573513,0.13343155509881413,0.06323069827774051,0.5321308686218712,10.843528259293388,7.873133575441832,0.5207875744432636
9.046708307895196,27.07130751825567,38.491626874206005,26.00310826164907,0.4552629772531621,75.94496986871457,0.34063054268733306,0.292814816761999,0.029802943693571397,0.3354102035939606,11.707439289331301,11.877307250848217,0.44303558173985147
19.54639718291584,20.559423016263423,39.56235419144356,201.2753344853355,0.1458230823605906,6.147840897686936,4.996183877414844,0.1777331921682146,0.040732225117542556,0.5375519731330906,14.240640906921755,13.995615567862334,0.48495256384328933
43.13592594769836,8.578977244187335,8.648227986522677,57.74716412560235,0.5473710716715965,77.78922545874546,4.794093766766531,0.38732153803332736,0.05761194562239025,1.8647402028725968,10.147263690912947,11.679711923923612,0.5834513855975033
14.95787352507874,29.112582678805126,37.91527886022541,107.65838620751359,0.18066504125929206,59.45554462179129,4.814342752811557,0.2830761642010024,0.02484043047214121,0.3720648409995809,14.413518612148776,13.799843350392647,0.5005115573137212
17.326617504509457,26.42497903604213,40.588182600323314,200.59817281504186,0.41426467490376784,6.682881813356039,2.0453017136225933,0.10054896793702384,0.0775248493702312,1.18384016595505,16.97704192142718,16.173330687702546,0.7312286551487776
16.919362952492,15.085076142090738,23.389860875009393,39.00876283392057,0.07422151399293042,43.910941445580576,3.6194945389638447,0.37553277333200785,0.023124732663994094,0.769521011007166,9.699466609411823,8.364046665090664,0.6237531229326044
7.484154316123638,11.958718059119597,29.62357931161101,46.62060822360286,0.43998027066252177,10.23382231376838,0.08349313939141356,0.17402157428941023,0.04606564641457948,1.8817478392281284,10.28982848410122,9.571532734697211,0.5706205542105588
13.630643836452176,24.742386396611984,19.76322900849027,135.21153555661203,0.8079832792400667,50.254607002426425,0.01371184269238257,0.37676747014405965,0.05180764982392011,1.825444160356082,11.275147920171863,14.31547593265105,0.4819418049642009
18.9126054700043,7.526771008384868,11.354357583740196,113.54304081933944,0.31690125905234356,38.870540606174565,1.5555981058339479,0.08431529488852996,0.06764947810290536,1.755389977281495,8.30678066428097,6.497999444330517,0.7490948579943812
18.62725435966832,28.61752848630056,16.92856282094357,97.93534542257845,0.7063167363049091,62.931969870798696,3.151846369169532,0.1499810835484112,0.030840857987160093,1.018687149359568,11.521720774029962,9.999489055982414,0.45975024811697196
22.645751133069798,11.806540880055207,10.738501171272787,181.9327399343707,0.425986093241705,48.457166176978916,3.601892461683353,0.169087450876014,0.07749576220418743,2.058622484984755,12.011799274313638,11.949894197252787,0.4156431830914411
7.21341695983303,22.804256530308844,24.550888113474038,198.9359387939836,0.2342118316346471,63.97852686215614,0.8004022615080173,0.300155525701977,0.049827771272142406,2.0021310229620766,9.033518774556383,11.284523220442379,0.6836884280695941
10.459298608975587,14.10685938334374,30.221957024273518,218.28569226066023,0.30347859970181135,32.658957633423114,5.205978142778566,0.3353442395810317,0.037580498295066184,1.5365483226797092,13.422204056153298,14.26756592082005,0.4112932472741282
3.7786098475031022,19.31720328383532,8.177688573349565,44.59225145636235,0.30257826653439734,69.26652633481463,5.757313074188272,0.2816288668585058,0.026883506050925095,1.463925525604357,4.594460229119193,6.364114874382018,1.0832036971589412
39.14561301281055,29.018883875922956,15.781362414126054,155.24918966443948,0.742378908011334,69.97296558501301,0.7152729241352995,0.09984735487061575,0.08477192270502805,0.9401967336002941,15.519708903665967,15.080749392246881,0.6000686835502684
12.275984781215797,13.610839930118757,10.508129818624226,194.26855990335662,0.2009359610954864,54.15790443953176,4.9431470495163605,0.21876426109982494,0.04823688808667196,1.6981883951097425,8.258226832651173,6.673507371276237,0.7534647028410629
20.234811731425935,5.992720708719707,40.83524964691665,68.10354265095826,0.9777715299995696,24.778800290450523,3.6854273763676972,0.2380748526849063,0.04669340320235617,2.0831300532490173,10.09046810250461,9.57836230855363,0.5885629885542536
16.628611685768757,7.321776774973264,35.30578275874411,116.0071367145115,0.6874842621800981,79.35731347860049,3.014389895229227,0.19479108796069083,0.0326170669166321,0.9008087898369199,8.645459715588819,8.503297811599722,0.7186137433766748
1.6996085171238622,7.234251056143558,9.053626559321556,21.433596990727004,0.4011544326451919,66.33002215308258,2.934381051317983,0.21425466552834666,0.05544368087690334,0.8432662275323226,4.103999374902708,4.116490687245093,1.1273451740384248
6.110376383084613,18.7705949535967,35.67558731011922,46.92252532664112,0.9980040097954245,68.87387846453248,4.499010964326485,0.23443704399509918,0.042391860986579856,0.800807184402645,8.611258314949588,8.36731505577121,0.7216918694342056
16.121599224973934,7.498427824708238,36.12691913446422,45.11285505988936,0.2161715481351879,5.8663430263050635,1.253491130552552,0.25728057801650744,0.03161462136155161,2.1679983742652578,9.48576785418914,10.159205196422175,0.642986010902646
24.234995184505323,17.38007665520812,35.37815180890003,161.51255053992733,0.7629112146930627,66.96083990698239,3.653752861885045,0.2819042300542942,0.07270091352669399,1.3266035136119814,14.851786488164493,14.040201351952678,0.5399556661551357
22.97102244778398,25.935659095325747,37.86625540277099,144.44984474591325,0.2709368975834655,21.332043051805442,1.568121228599614,0.14723915472471266,0.08287860012896804,2.1383806361164948,18.10572529694883,17.04876454558654,0.8328101589457261
5.383807833344862,31.396059654342046,23.92648287030525,27.739448362074008,0.5435644513128398,43.119217927593205,0.5109717670613367,0.3685396855384348,0.04466059642008306,1.4730209582784632,8.820345021882506,7.4470794150015776,0.702874065810243
7.45166339120549,11.642953158575851,16.140056720895018,139.13890987700321,0.05442136857580904,57.821416490254194,3.317278317711362,0.3449224931875108,0.04005465971378758,0.8575762321251574,8.37442259900868,8.608152642160478,0.7430070838688874
21.626420341763108,31.300037114005825,37.5952315127189,33.628558555162805,0.846459136302377,35.771918289120485,1.6116469604260388,0.33171633462816674,0.04613696410574415,1.4141522203051178,16.24053078108232,16.361086804044927,0.6649426525177402
22.836575796203604,34.342521879426656,36.37799266175277,60.4399990113848,0.36615190210438453,23.271753366711433,4.45592308018743,0.3378733430588679,0.08473843645344789,0.5953481724523364,14.968976801020862,16.213198652628495,0.5505027943122089
5.102001967984937,23.771233301953696,17.34011850432612,200.27254070526894,0.5844863908607759,42.51364166853209,3.902476849920588,0.24814645668572483,0.060852429722682636,1.1513905835147227,10.004536770250029,11.768105640582661,0.5962968084571659
21.546515189156693,27.116617168968716,27.74445539060865,109.4527131145451,0.9272838317012132,27.482466279591247,1.3459345076880407,0.3849782602670936,0.031613825719168404,1.14146366717497,13.318861303207006,11.942454023968471,0.401992399508962
16.039867778738422,19.49112409647182,26.93591044613973,176.269258134383,0.030246725384152073,51.14905113779205,5.169374728956808,0.1971038977197209,0.06427396800937824,1.395423649803399,13.713955541969476,13.740770310388097,0.4375508809975842
13.964750980771782,7.245439293086623,24.5759678025667,82.86233374556407,0.968017436835368,13.228015187901066,2.081991533763701,0.2143944828421815,0.04808800485906391,1.035759411237661,7.179997065441268,6.945890241604876,0.8505053818899544
43.9685133240156,33.79821695090038,28.692823154617095,42.154875402237664,0.5251793489020143,35.623811882007494,4.254319511611684,0.34120918983588944,0.021218625375489672,1.1647593725250924,20.922408718733372,19.170537456633323,1.0863116669063348
14.97559447129401,33.357998208066675,10.85496880638647,197.63833366938405,0.7807465739281201,49.37019597592377,1.6039405674262874,0.3580812426237192,0.08789510484588914,1.9646948698593711,12.161605300939092,11.559493650984983,0.40216064069515023
11.149751289618804,14.68325061086084,23.45788920598401,52.765414483195784,0.47304476560584907,79.28910918148239,1.179597865797899,0.2236759506189085,0.028042726817588848,0.6427433872667943,7.667124690884541,9.453068573667856,0.8066638956000598
27.87322258458342,10.872231464371346,17.51564525059247,89.92830835836885,0.8159077776669772,42.15933275680849,5.161637989496348,0.351363760574516,0.04894476191857469,2.0530332079117772,9.601684110393283,8.880403125466815,0.6325535478442731
27.115398004543604,6.964540294370604,8.08067050869699,160.24689920264225,0.8805588276147848,36.941445983132276,5.511991925127321,0.2826351067968375,0.06603469797389609,1.323228996647766,10.107838552770518,9.196994801171238,0.5869996480303219
37.79828551011447,19.93456439720601,25.651943654294016,138.36073364009775,0.3816740558732372,79.19094231809947,2.1123049287361724,0.20416668875850474,0.061021635249481204,1.494859229359608,15.409228341884079,15.349888248960088,0.5901254329898985
25.948363101258117,32.743068037272806,20.399927885106024,205.59801024317227,0.7226322306224646,74.40387421622675,1.8898220610304954,0.36975893243822194,0.020295277458790447,0.4981036069367397,16.87178044478521,17.91110811426857,0.7217551222510001
25.277525107690654,6.228241119741727,22.662089649585376,217.53410817507014,0.9986180079394087,55.47250676156527,4.215393051145138,0.24101810581300043,0.06255198255070961,0.5759900447726828,10.93283071621974,10.58549921732071,0.5127503533198919
16.97562006626259,23.346435077991497,11.785921494386882,49.32618324078922,0.7571316755944383,45.85799752687956,1.3641846462745872,0.3517259389231531,0.07090900079289048,1.6918842851853206,7.98457026365603,8.130132885088488,0.7780937940506258
60.56416400477262,30.066860080854408,25.191098094358118,65.31736389357371,0.956879827544563,25.317150320663423,5.185236655920981,0.3399737048459299,0.07945256299711953,2.011254643684422,21.55786281040891,18.953419692206705,1.1435025351571333
7.787522333930106,16.39107506556422,17.184280625075118,147.83260684456747,0.7366172300343776,51.788958612408656,0.05108926586912621,0.11092220619732285,0.03287600710775602,1.285825327866081,8.380375979269388,9.032827724374386,0.7424712796454236
23.27318044116182,23.359303278725672,8.01979052244246,49.3463333406973,0.32988693746143605,67.54800650296706,0.8527402891054032,0.35876034336901047,0.022572901051197518,0.6182999021896861,9.118875279520022,9.37096529439262,0.6760063426228665
7.1029081815194814,18.314397012705435,34.52037400737511,128.44383698495545,0.8271516748585387,78.61899851988017,0.7242159177452727,0.1319751936965233,0.08610659506370295,1.8141391317578492,10.109258081843299,11.11779372174525,0.5868718904137716
16.952225778491496,6.961987461620323,29.34651417807715,94.56582797136645,0.6663407647195553,17.822810698904274,1.9069417031552043,0.3404352685433164,0.06763003052436171,2.043309375141344,11.271013682754948,9.141921375972512,0.48231388633172323
16.606654578888662,20.13382902872719,25.949144097681362,197.62599471318342,0.033067973451222255,25.55424192580302,5.19684680354397,0.32178195805514814,0.05184742700996697,1.5733377964758988,15.372243581443591,15.027412541974027,0.5867968045502546
16.923870118247788,7.671736028638742,29.149936811939103,203.61896152730742,0.17243404511156413,71.33193964910815,3.840056965311697,0.31589625235566837,0.07075355527023047,0.6474404664110889,12.832763258233408,13.931930607298803,0.3582435754613381
3.475198143455559,25.54908407664771,19.004663556197855,71.76601896128912,0.2612730078601363,69.57238278338271,0.6448355608844747,0.3746805044798436,0.030995616850591663,1.0836931641330383,12.272741202023393,11.637833219155148,0.39215840959756315
12.23796598107868,14.302926281237486,12.18324791103598,39.133622081213495,0.7435638071719333,58.74941198985165,0.47350349639836864,0.2721789954646039,0.08708786649920135,2.08568828516907,7.11720866478431,7.175409309619586,0.8561563379490806
67.55920245762145,29.075089350933535,20.135518659190666,218.2159599922034,0.7971326592965348,12.779846698396089,1.7305949653289372,0.18835339683712146,0.06579710138724237,0.6640027327196588,25.321679223969177,24.854706434063182,1.4822460123775572
18.281087400120175,22.611082200840798,34.821869806892764,49.97908709832559,0.8268854367104835,57.96915182218734,3.7189945752362346,0.2698215851739524,0.08138666012491053,0.6244312662246452,11.483623041617198,11.044582516179188,0.4631790440341207
31.74561437256442,33.05092217331408,28.681045061597622,54.686961636731326,0.067214737535923,40.179432206702735,3.5625502784293066,0.30276125546129756,0.05896958581941206,1.6334019829898565,20.46808858268058,21.798621039278814,1.0454228546615836
21.51946626226308,27.132270897711628,34.90225345877873,70.43465580757473,0.07215668147210919,32.84383699657701,0.6853370728007151,0.1966783246080891,0.07605633122739805,1.3319005070526786,15.227537906172769,13.604870575820119,0.5737732937758806
56.293587725699695,26.74560566242535,38.677571388362495,88.17081662426243,0.2994432177884566,23.801480414588152,4.5647946362569,0.1613747254264168,0.042937240991097296,0.688993398785896,25.678556036909775,25.62124151110141,1.514364925542211
21.68115252892582,14.13838403254238,16.488350782145197,49.555830190104686,0.6812433977719089,28.848549201461058,3.793590377622359,0.23670109676546291,0.029315323853169116,1.471386456834761,11.961564470490352,12.248572940277361,0.4201643154355369
18.352948158788767,18.25750361515019,39.0905503919149,84.44620828019568,0.8421849088866902,45.18447193943184,5.898337315684179,0.36745820531105716,0.04476744707457851,2.079681952938098,11.52395300399405,12.59338778960057,0.45954934742020404
5.796364488186383,27.367060220797622,30.528367066585375,24.40480647169288,0.8693756671041979,17.146237720932206,3.3155713748426847,0.28174870748680997,0.08278472316159663,1.9248737562255522,11.768854118545148,11.629825873374203,0.4375082471106052
6.025754367614048,26.660250833791256,27.06645864330985,180.19673955826073,0.20751531478613894,43.19790938706227,1.9639427632568252,0.3671217997799948,0.06886640691294865,0.3124107709924082,13.161470242174396,14.265994091254438,0.387827204016027
10.756495670159584,25.768698125398664,25.1091236810807,72.71041610798876,0.7674152811834145,8.615248025323847,0.716108759481789,0.2320370122655528,0.05193691040494851,1.9658821756880076,11.106637528445548,11.04435842564413,0.49710774021956927
14.646646055008281,5.238532216914563,23.936487111648578,183.55685525092963,0.6407749327496293,35.797774119165396,5.514602995089784,0.3830370036024013,0.03646482852907993,1.491113842554683,8.92736280234199,9.063641527755138,0.6932424655688894
6.563325408083122,5.5196445869164386,10.512529654721945,149.3843525707174,0.9267300191694517,77.00198467894678,0.22601819323442474,0.33329864372312407,0.0618631263653628,0.8075388531262955,5.0060402463680544,5.0987663053708046,1.0461614956065435
18.223867514794946,7.024005543271272,9.857774582565256,116.10921935252235,0.7728610438564426,60.423135371001806,2.09236785780559,0.1934666485443251,0.061503225149135254,0.4774975697248906,7.513943488083584,8.260960071524487,0.820450203852146
17.757684060816644,5.947504373356683,19.253159094431844,214.45856824279727,0.5286212841730012,10.145155654366546,3.184433153707271,0.22343027131743137,0.05716441893554883,2.145292110237104,12.49573031457161,13.113304448434565,0.3720893894682237
47.50382934537761,28.185471759761203,14.920873673988307,97.33404181556128,0.7831942828254159,56.5877176251064,3.418748304575943,0.3992860703545328,0.07164626209335462,0.35517158594981063,18.083442720548174,16.814555245649217,0.830804727069667
51.868880070334825,21.406838917633564,10.944792506481374,55.6776383990872,0.3082776946835387,19.708487388516478,3.4939416294200574,0.38518410847373896,0.03699692997816948,0.6507768456136098,16.648133062586727,16.895537544708784,0.7016268578531368
27.90666394504715,20.146866586926645,8.830867111235332,135.4878592745589,0.786145239402536,40.56232798081712,4.302722210182218,0.2112770158657422,0.05576924369849599,1.5753703944315933,12.430203145779254,13.046557360272848,0.3779868346595357
28.42694653301237,7.567982427476407,41.26518861251291,48.029945759731035,0.7811684747624661,27.06263834401413,0.7699317023682604,0.34673899071523145,0.041588430549530014,1.7401025848671354,11.686952971936151,13.353326223170278,0.444879350305415
35.190677606060085,28.23869839001059,15.211195139024085,75.36320031751453,0.8552085904008625,75.06207688217405,4.316077981417916,0.3711133688789928,0.03439203847339243,0.8066606294211807,13.393254975288738,12.243386378148458,0.4086878299963178
21.787312042861032,7.785330354017188,41.479456172735716,201.54782796807334,0.2423960537090598,9.083012376613121,5.337103948087112,0.16055933259003294,0.04329470030862287,1.700433944275412,14.426227175629473,15.040056462156741,0.501655328026984
36.42293921708884,11.654411509231137,26.513057004469186,198.43171957467158,0.8490008398718981,71.07185293732194,0.1826811736168421,0.24563394267563754,0.07620634543478337,1.7538288334919558,15.899338494380546,15.502750355671521,0.6342353467145805
5.33594904713999,29.56727632143876,14.522305372497986,113.14504275842957,0.16905021849437185,57.6034001476259,0.2148457088183826,0.3222673100059256,0.027972136228586603,1.8251811005428435,12.848701782509844,13.06741923790549,0.35967804264621733
30.467733341888994,25.777314678673285,12.94023777074382,115.65415140897817,0.771899608656862,32.209187665879185,5.9482803768843695,0.10459571257195271,0.03928368799479129,1.7324515451339346,13.395279282695107,12.171491804105903,0.408870017662891
6.876375280855642,7.778397545191513,14.827355172290682,133.3567366554533,0.9299174891628784,70.97319116305168,1.8716550847557778,0.33781892298294447,0.05731175506781362,0.3620588638565419,4.86462999066414,4.849373865807265,1.058888418619896
7.701886404529425,7.21682049120608,20.36844856535985,36.836136722745486,0.03579811461396398,35.47271497575575,2.730378135938025,0.14753477221290634,0.04806778115791179,1.9953847197196322,6.450333733380675,6.813908952455984,0.9161750817754077
34.912581959963234,17.19491022548697,14.969711824131595,70.63121062694842,0.626012647075664,57.37775311474491,1.860375496915608,0.23327156132034166,0.07793728565388452,1.3692811463199903,14.111755165050914,13.00581092292567,0.47335284707491365
9.915325679719288,23.101812555290973,36.15273005808719,135.99706311219228,0.6595917225561632,64.08991003716395,3.3389198717441904,0.2000652316420622,0.07454691012039807,1.1189908194485,11.726609675698354,13.378197116496864,0.4413102469668167
7.922739933310469,12.402823260778563,20.479089831299294,84.23323467184467,0.8151429025696821,26.47932100461159,4.268889320137175,0.3168541582982502,0.06745432416060719,0.34642374986808494,6.577753157327136,4.817339821141815,0.9047073336202263
22.826728984167847,22.55521492461602,25.916137540995038,62.67815382227009,0.10282339906953364,10.419182188107497,4.559699228450489,0.15461266221111586,0.039774849124615624,1.4225211020452306,15.405927312896603,16.0187418718533,0.5898283403810256
9.128013490852384,15.782091142545895,25.04184985322148,149.47216428781167,0.9094306794787214,70.10943874345817,2.132332874025484,0.2292345313258855,0.021485318965048614,0.6092432610487473,10.166387840147934,7.397967082594036,0.5817302121663546
7.93163588276126,22.658935590752414,30.424264237100154,133.28715858929178,0.9937871197592297,22.34654390607772,1.563461372223327,0.1649853054393976,0.04197335766134545,1.3405814230883368,9.708881580828848,9.418200454739395,0.6229057755050722
4.785736193854732,26.76535535660429,41.91164965147817,85.41456360371384,0.6721052728263512,74.88552503772199,3.279791987900099,0.09753671094076559,0.062066967036098195,0.659507628039557,9.456029925317521,10.00281594044026,0.6456624245010916
11.89995063014702,30.294863695430628,23.08113887287135,207.47825490749298,0.4299329831699703,28.627976437659104,2.305530255657523,0.3499238184474786,0.027101325784048218,1.6070398179631387,13.829484077156938,14.64188058373871,0.4479484491644558
27.718302671543313,10.875402181211513,18.970103562592833,175.53793612971484,0.6350153941606677,36.11718815887063,3.732669454541168,0.151846395381603,0.0776507571810874,0.4688067661664498,10.574997545918631,10.454872289758837,0.5449553386469917
30.471346641270493,7.553613968398244,41.11860074882464,139.22832999613706,0.05470611636370715,37.27326433960847,3.669323542623432,0.1543734901104436,0.0890617603088514,1.440725671715387,14.370154127974292,14.094702100104387,0.4966087537380177
14.111147018460857,8.5514050692762,41.919170194901994,61.893108402969716,0.7530341662223022,40.091689648956546,5.366718326090979,0.09496283345039405,0.07162924842600758,1.5232225496283114,8.874000274611548,9.520885494370122,0.6980450930646291
46.88032123749128,9.96139679563995,34.55171313500251,149.61932487147618,0.06996659081934387,77.20718430320112,0.023139035726959634,0.24086296785465638,0.04902287844549846,1.050965871538399,20.262367436603267,21.34612273648111,1.0269079515146253
23.705217477372422,14.730637260571177,35.12077638305095,157.54770311698223,0.32259099847226924,23.38151217572369,0.611089166399817,0.1660684790481769,0.07580528698675569,2.0425951776938613,16.285104915108327,17.857864308365368,0.6689543245800809
35.35091099655186,5.859066513304953,21.849021488854728,136.25330129655455,0.13939872286106403,50.62054981306683,4.72049220490656,0.2609604621497392,0.03908176130701707,1.3004442147714124,16.667389442923035,15.195862140766533,0.7033599320834045
10.876627447863743,29.976159849219666,26.322677456539907,147.59205794520642,0.7260412546565949,27.059836612279465,3.501359720593735,0.31152937193302804,0.08678770365860175,1.7259843386849925,11.960526947146,11.731790762081303,0.4202576925365285
13.269760950932474,30.47165371416771,19.961573906916172,52.44570188048945,0.5944282600983286,14.819763439487247,0.3750361906155084,0.09469748310029147,0.04566264390223812,1.1445787113367245,13.82229211420062,11.321665647661629,0.4473011724983872
14.742934182794393,26.394656085212603,29.040974934573736,86.99864015341612,0.6992038106551112,26.65790494516716,5.655343006482191,0.144156722909412,0.06829255098700535,1.8042572521795015,12.880155690631952,11.321204706143849,0.36250889437720707
13.139689582340655,15.694468393563513,36.0751458965902,198.14898317483306,0.0645661307571671,46.43030811158313,3.902426287380217,0.20508523536229673,0.021324130718736154,2.0050601234546135,12.764643255806154,11.961947850437271,0.3521127752428853
1.9464110424421284,26.20246485938836,20.71824432575092,47.42239937145649,0.3704063367721899,50.524247109331405,2.915973204916408,0.3615243375416007,0.06415031790038077,1.0846786888931435,8.539669275929656,9.525782930549612,0.7281348829459995
17.567286375968308,22.238198499148673,26.19657259196145,137.93822464537655,0.40616966621650075,24.77909983012733,4.677516022684413,0.11511206824451715,0.04072198639958752,2.13798604006966,12.29090507681182,11.742686967618639,0.3905236608666048
21.551952444255527,24.870365678490465,34.348978269619735,199.53106588135682,0.6023985304356019,79.04858347213555,3.576090614297625,0.3180256391484533,0.027148783487458375,0.5909445989064849,15.308714107288829,14.979294236041785,0.581079151876326
20.611005851043505,7.636511661607099,15.10133455074006,22.831158037239746,0.10233070071413763,32.20568883815071,2.239781213399643,0.3851463640086674,0.050347961875328986,1.9077209145210612,10.769229024970976,11.11126399208594,0.5274745055322807
50.22306417007101,31.241503454462297,28.75248278549404,213.42430578797942,0.6472369792558652,67.40284496831183,1.7798099508962908,0.10485343635455746,0.027409802380872473,1.2990861098308342,21.224903355305432,20.460463545554838,1.1135361841978204
52.74571485467816,15.460401277149339,34.37577077814524,196.66840025569354,0.39469857443516954,7.627541094466124,2.720579127855074,0.18656299506795848,0.03295437626235361,0.5629832919687289,22.71170121531685,20.437770693522847,1.247347991598848
3.5215098622793177,13.07675869873639,9.773027076455588,163.01309850905227,0.9059199635316207,57.14135560499981,2.851477570240855,0.32626171841280827,0.08265953561473029,1.4881314503552239,7.072361529222125,6.222005351581947,0.8601925801496773
41.261896862390785,16.724428807380257,16.62617733317841,161.82693210436358,0.44980913983894066,27.759692986515066,4.272191484321438,0.37925815910270544,0.024441558181294662,0.5494990992080477,17.942980504898465,17.805355955157633,0.8181631276611931
48.40459675597731,12.41894226487813,8.85875881082592,193.54463649106282,0.1020715736443073,45.26668867458297,2.8380169541775344,0.15895322166036346,0.06374970099394209,1.9862218091955985,15.087261045962455,15.621308641436192,0.5611483763569524
2.443418161516541,34.82507925039655,8.2180385809537,54.198497555279125,0.10340202117729225,67.74525759419815,0.11005297545775039,0.2854016745546862,0.02422014786586809,1.8503762492529217,9.163054084884385,8.927770651409178,0.6720302501400739
26.99308496950896,24.386440461873548,24.23898311879603,159.98689026947267,0.25429557306821793,59.36333943339002,4.107905956244223,0.31410034805816067,0.07026348912949393,1.5431981711512017,16.22083236360387,16.735922625672806,0.6631697949446795
17.908514653791954,31.892340818442626,31.82293287248404,88.68865833314737,0.23981162943024392,31.9725183131995,0.4176484952380213,0.2092876330739606,0.08845233379907289,0.7426721996561119,14.496215989101417,15.550380928388996,0.5079543212394589
46.827079878266225,33.5307880701867,21.02333942438986,195.12776206648044,0.7966862038462046,59.935959769253095,5.0779848004596095,0.29424898557261014,0.050067090159029604,2.129325890188528,18.002442954087996,19.279884144095163,0.8235147480882511
44.87869226846261,22.437217953562378,29.11697562630054,126.66621179034128,0.7223885497171945,36.049812228189595,4.249656139960491,0.2557207669865396,0.08777057559431865,1.9210110974958805,18.469649192839793,18.666081902983816,0.8655633095759128
84.32320563032629,29.01555439646746,14.510546705677685,173.16333882357463,0.07667271971256717,9.761478996263044,3.5870410415919878,0.37989659701969514,0.06490414815338988,1.6589010047971786,27.770002824843452,26.473640386732033,1.702595136456242
27.665336280642066,32.15868180396545,36.43843723875491,53.40515970014335,0.8514340499565859,54.91886898359948,2.7249545767052394,0.252390753372787,0.061682779820884936,0.9941998145075219,16.0546474994085,14.63533030046803,0.6482131571670964
24.393758229727904,9.500265298992723,20.328082659646945,68.40793942584843,0.09613004476843523,75.2612148579457,1.0326633164627204,0.24531646543515417,0.031981748172809105,1.2199176378272973,10.417493112379535,9.104363373359051,0.5591307376655104
9.091442374714852,13.074755651601095,32.04505448911023,187.6336286068664,0.7856278134607477,11.273919736385182,3.9299764999087805,0.29417452937838456,0.08666511729419901,0.9423198118729412,13.604712321214482,12.379341810314536,0.42771899112963474
11.671851279974446,17.048434640793133,12.418030868004607,99.046894887178,0.11161709610214932,56.57189762663686,0.6569646982037947,0.1287352109488927,0.08030844556827214,1.9138340932900477,8.660051705030568,8.773374334620451,0.7173004643269174
25.20110811090345,23.685269627140087,35.81567403930316,125.56493351634471,0.3763583440171562,67.9800499622863,3.6272746715351483,0.24990665836982273,0.029222967795793694,0.8868775347061835,16.295216181489323,18.44690074851379,0.6698643385543706
11.244139871935213,28.048913310785004,25.614043010609407,165.1072224003742,0.7509306223327887,49.74744482555732,1.1000307526926845,0.09621969308376514,0.02200465983380883,0.7527913086786591,12.831763574596023,13.073335611909762,0.35815360393397344
17.820291854854297,15.350127630474022,40.98911529367154,53.937332773097296,0.2536349908172345,41.405168644636625,3.581223039363003,0.2806476712892215,0.045133697176779536,0.7072577090358236,11.079066431777392,10.983312362900715,0.49958913891970325
4.044157256840857,30.28066549758477,21.7826090692552,80.50477983419695,0.11332994156746234,22.790894966527652,0.9069560328988489,0.2510923750931097,0.03116005925764666,1.0622089689861813,13.452597284249642,14.549152600498083,0.41402863780279914
18.73567137199231,24.630832978754302,37.681985338673194,85.1297348924397,0.7871952665001634,19.538864912510313,0.5668933586721938,0.3486080473593772,0.04353070758873004,1.4836396931754583,15.68216730158189,14.737604655327441,0.6146899393627014
2.8170998177667044,16.160662664034604,22.0113822253798,203.3357329819945,0.690975571726668,34.722241910750114,2.82522422923384,0.3352650117350942,0.08709236861051942,1.8801327953804727,9.046064679536892,10.23398456111635,0.6825592966213483
34.553385019466035,25.42141437179098,11.668339252279834,47.51774338252055,0.8912679328248673,53.09659936700645,4.258522653186728,0.21841442436039343,0.08033319246117407,2.056944404692496,14.221211470020913,15.324634067810283,0.48320391452221356
19.45007555765991,30.561035822554906,31.3795697195263,94.26365324835527,0.6415525293800594,28.600407936724483,1.4307243518753725,0.29087787893030476,0.05080846636188848,0.4521659109331026,15.03385332674982,15.10110999703382,0.5563416816278153
10.546136598162485,15.078542030734196,14.220845204054386,211.86334528955925,0.07395071994643443,41.63044243991389,2.986235525374064,0.1770607901365288,0.03930816063434976,0.38965872316771705,11.14594269253096,13.532813000574714,0.49357027545188215
15.371619944337915,16.60945924273969,35.19497770706066,186.97400100051283,0.6386346670237922,49.99919924022186,4.793286271297668,0.20410808974930178,0.060446518721397474,0.9891965144563593,10.042238181530216,11.313601727611985,0.592903681441949
11.349774908606145,25.755017559022765,19.38538391822513,154.092896168748,0.8225070718305034,20.748472047730754,3.296616212799459,0.10496784558085523,0.08562480585542293,1.8391963334648003,12.095115674105394,12.146860097376537,0.40814470711018314
8.638755123157216,17.89466529305373,33.71843619475574,129.7863966754639,0.08367854505336603,60.604644559369135,3.582776671191681,0.11222520587964943,0.07534566029607769,2.0240656004571607,11.826646690301416,11.662882331805447,0.4323069156525411
12.579556013598843,10.330038474082379,24.36897004771959,187.7461207535741,0.1356933025353767,52.1486581093197,1.3209557160953245,0.34199846383235677,0.08074272076218145,0.620056667336438,11.239298958155016,10.74692023136639,0.4851682115457171
12.651444589289357,30.624979166349217,26.258170257499252,209.27928250055643,0.6775672569863848,49.38754438187042,0.746994578548426,0.3910220304041349,0.07327780282016406,0.842943469080957,12.96679615346909,12.817752783612349,0.37030653603254954
14.237046111844998,11.046333282091158,32.977477832325434,204.81429881725262,0.7913304777250089,40.858344311420424,0.8942546857173339,0.23655083108183378,0.05525578726874618,2.0137273649811447,11.497986759838385,11.381936700432902,0.4618863093942139
1.7587758145049441,12.390283671715938,30.611896206071535,147.8248481567727,0.3531510793737036,32.360429898717726,5.836824659477225,0.12094854540386188,0.029905530446364563,1.3940510750282087,8.136453236849624,7.772234328314665,0.7644243264632025
36.32549390319368,31.03446331326244,30.583318083504867,165.575543221728,0.7352616011867654,46.16101452996301,0.5197095808690722,0.10826828091661217,0.07730269772922205,1.0746230005853488,17.47044083934006,17.226515300674585,0.7756345577609369
36.80420231128893,24.258678246644752,30.40413447186341,175.0612514733777,0.16736823254365962,62.42986711238834,0.9090418165846514,0.0945301493325104,0.06556787779857214,0.7627162340887507,19.165064422578112,17.805622522589456,0.9281506802523615
16.762010565410236,17.948243252840967,27.899179312756843,181.86947372170647,0.4440053140897252,57.950777180129215,1.234164147978497,0.36120958575833273,0.07408739113913226,0.5145008051580169,14.920267877168886,14.272590319415945,0.5461189911655311
54.370943176470696,16.454280702028118,35.444043344226145,166.61429203856022,0.7479740588178585,60.32836094740962,4.727673651826493,0.22150357218142747,0.07138068458492319,0.5060538126742236,18.20534516158673,16.384469854262242,0.8417759467631372
13.299073532095681,10.497091294521447,18.200683026615643,55.98981622933166,0.1989861537557569,20.706311652469218,2.3877213296944273,0.36171791589300395,0.03722787244186625,1.580741088990653,9.789440789436911,10.261893825890608,0.6156554467303466
18.398387730818822,7.037486026425248,14.173174948102078,171.9160598970141,0.3488963455073748,63.47634751557324,4.745377511549626,0.19610491510024497,0.03999679095508435,1.6687871741792353,8.199448858739125,8.290715854049674,0.7587547204931473
24.15737912323501,32.282658551652304,32.995441767501624,98.07549089874345,0.6290658320006733,30.155916669150315,2.5135668607235986,0.26817965257647747,0.07994640391039459,0.9948005802678002,15.845126300781104,15.70537783148445,0.6293562492906307
18.028740854142768,6.341913830544974,26.354176562927112,59.95969275655953,0.3459952082872979,22.481145404856544,4.768408024382751,0.29562831903413733,0.04850924948792796,1.4514005027787562,9.954767945537547,10.965074203203452,0.6007760026812893
10.590482141452949,6.850370821632393,38.62079530224463,40.506468763249686,0.874158271214762,14.116334238602589,5.372833764822513,0.0960108639901481,0.0324406902501111,0.5964657506143394,8.697476947594897,7.713037247320528,0.7139321924961278
17.44562050964692,27.563048084755582,40.812903655881264,68.06278296851094,0.95672611518929,67.27455489417241,2.6837736617346426,0.29811023189287134,0.06498970610693898,0.3398117992738209,13.930756669212537,13.120411293127841,0.4570629824494597
5.302114791598126,31.81231717329645,37.48255620274601,121.54997295287276,0.6422895115166096,51.73980045972948,5.918203528944723,0.3359091019674054,0.04088220282713956,0.4896691004576736,10.918603021501479,9.230020739646458,0.5140308458445354
8.672779584366278,26.291378701672386,26.617004162852144,69.37577318906814,0.7824002391929318,68.09794468719198,5.597467308090562,0.08706552330371106,0.06498747274471281,0.5011348373578511,10.747222578198851,11.913464369039978,0.5294550857417719
31.752858036846405,12.262294614945425,33.640249843302925,153.18200953322247,0.9066964980858496,47.10618537110545,0.092149112369601,0.09882298172129225,0.061304446588195796,2.171064153775287,14.969064340196892,15.659371493978494,0.5505106728380518
74.8878451735356,13.119504894805743,19.36732529589923,212.87861086723143,0.7018593375997247,69.52103328345862,3.384851003728283,0.24706831257097278,0.06641961886761337,0.7484259186146163,23.0058516885356,24.52158033754372,1.2738215341885355
10.290579966856367,33.84133686046119,8.501889252139382,28.80933756161093,0.7733141774336614,46.74284229490717,3.9427333461417406,0.3908425107032358,0.08954036501705433,0.5548367626606515,10.565399832383234,12.369530159085514,0.5458191328651775
14.871820995038993,26.00247520604996,34.535973339345496,46.130717151704474,0.08021920126153115,53.43834286544419,5.058985853583574,0.3914383756392649,0.039411653400969256,1.8112351356857221,11.074262375135424,10.59048741939632,0.5000215040174804
14.218709954889446,29.834136331533177,34.57092880813755,69.45625898936075,0.8237626852590444,9.227041548557725,4.040160013960952,0.11506517001622076,0.08829455081670368,0.9966542301468295,14.367275702549144,13.556566613931821,0.4963496954497543
20.324480769124424,18.391030420753715,8.273308167670262,180.87234270604208,0.2745646093669597,55.22440021793283,4.129506582578398,0.3234817324945161,0.07344237600195619,0.6918956720939629,10.628408442877225,8.581577190093665,0.5401483579207182
34.37375396630281,28.295696765086717,37.36230496133564,74.25408677165902,0.07080452413740412,49.82837344678107,1.7378713176776786,0.3338620561108708,0.07987795792900124,0.7187093611214235,20.61058401933067,19.35887884422581,1.0582474439600915
18.959465956613464,34.42314510162411,37.968911190667725,58.305601507504086,0.5894715218015206,23.155715323298452,4.923252773657762,0.36062569167115044,0.07617477047389634,0.564172759109804,14.898512557853717,14.528119721163556,0.544161012427166
5.551642868363216,15.701603491766816,18.90194470349681,50.57325831088819,0.22678696968846523,13.455036675559183,0.37973180271866536,0.09392580798000794,0.021607357697344773,0.4518202071912798,9.666285549007151,7.3168055872114905,0.6267394183690249
10.973535205133057,14.615687458101222,8.586372285931903,49.98356436572081,0.07984686079208558,31.038860478584795,3.9443724138403766,0.39117874022587407,0.05525823372303758,1.5922585938826084,6.442915593456952,5.214757588686439,0.9168427143685428
22.308069224814986,6.288430524748799,37.78469502350446,163.9637591265413,0.6095614354276612,9.513703154189937,1.2121437091075138,0.34294675489711135,0.027403588468904755,1.135968331121429,14.27478089533273,14.180349257303844,0.48802516280027713
13.022721692563293,27.11067592886906,10.397614021668353,161.62445640929374,0.09855232510690637,50.062194118741346,4.5934558964522685,0.27445959588288793,0.06714352663892664,0.5820353620256277,11.547751928386225,12.56627057035718,0.4574074442249083
13.414779254111501,12.220097546623096,15.894949700137957,82.22632142449231,0.8872275296400584,45.94571912532454,4.741448168911484,0.10138501087835515,0.024175087547855988,1.8056462069198458,6.76471706364779,5.94724641372633,0.8878805820513674
13.697274766165014,12.617336862078925,26.44753082335297,109.88843926370824,0.969272483143582,73.83616707749182,1.0487098796396195,0.15685064303141638,0.022323894291518948,0.3363376702829131,7.378540868667951,7.524437789719212,0.8326364395995529
16.47873013441902,23.960215992136813,35.76217498737617,145.6382294095605,0.7381923303516411,43.81712066061494,4.761317845728056,0.19092205172214455,0.08347113246690377,1.1182119458462876,13.061398760623096,15.186083059597877,0.37882077067641
8.136978278318914,27.164852812594614,34.58179537335779,215.01178248014364,0.2876632417980365,59.729797880576626,5.02497324259512,0.35436399127198354,0.0841940334702503,0.5418804960464936,14.816482774391615,12.757593051656123,0.5367783319155768
31.364436837657276,17.22428574258199,31.159996458977936,168.62933107788575,0.5625410527307343,54.79888068421264,0.3181905438577237,0.323558524489076,0.0636639460249932,0.3527653309732412,17.96088549936042,19.198780334606155,0.8197745771627691
5.513040715567472,33.33625181056058,36.17495608146126,180.60581774442088,0.031385687153298814,57.47479123768254,2.580040216312235,0.3810305915290375,0.052194887127515716,1.346258364130091,17.492048921517494,17.926129772701067,0.7775792851569059
21.972242715290697,9.851351975436149,31.304667674980344,215.5458837421657,0.62139951690359,28.523912869429143,1.1561712154026689,0.2152119849588875,0.07799458989355616,0.5953227312205795,14.17975841096075,15.623604013923982,0.4794731392067989
11.501430136197827,20.820499726517028,29.681422763172485,96.21942485260433,0.26384076219675023,36.151256730578226,0.7584347149514232,0.3733754192130193,0.08749545597675655,0.4301831035465571,12.747783314972962,13.850040641785496,0.35059538056789796
17.95544949198358,23.5198888694274,13.701733043732474,33.81995309769559,0.4550242818996063,13.982723692862727,4.82133036160249,0.3666266905220843,0.02380040220565149,1.2096668777409316,11.22331538015233,10.467264682357909,0.4866067335659588
40.33715429970512,23.521439454769247,22.957337395430237,169.37987964724243,0.17886806946121825,53.78541622911032,1.759072566003056,0.08591570106768938,0.02724690331003212,1.902908622519447,20.747174808221754,20.749228677922698,1.0705406149602892
39.75371042557152,24.705542923734512,23.34699762902413,44.21926532820058,0.9865516651183877,27.682837452687735,3.8639782921623542,0.15656132203400236,0.08335616091700705,1.2226948145777665,16.290364548122525,14.625344995330337,0.6694276915513586
33.8142079857602,24.016498331592707,8.628944684921056,107.71908029965911,0.20742455889565148,46.15943830745216,0.022088688820569802,0.33596255403688996,0.026957758749391155,0.45134312204229954,14.860577816560196,14.264430358250626,0.5407468857107491
44.96716684686776,28.751077433475103,21.787647001584578,167.67474499939286,0.4169351083829361,74.11427996847185,0.47672462970632323,0.29282941372678034,0.06999185731632748,0.8782778704715848,19.107243728580126,19.140586495186845,0.9229468177925427
67.45700435412218,29.422462710972095,15.721020269510486,131.6708814079132,0.25460072984657767,56.21856117697508,3.6614457072850306,0.15132414657931403,0.05874572312867743,1.1475757590227915,22.85101624548415,23.197105408104996,1.2598863443139048
31.43336849173442,34.3235243478819,11.048703851769844,93.42907624146456,0.5415876091416923,25.074962959328666,2.221635609184098,0.33007035335596274,0.05651454121771954,0.8341959354687976,16.118448721892808,17.01840574139186,0.6539552671906841
24.15275754850009,33.19095154889176,26.574912064533976,122.87053601540026,0.9053421672651598,43.59853819677252,5.278230665334429,0.18129788406242947,0.026834946037957,0.9413192488106503,13.678712181762794,15.483248875301287,0.4343789785789829
8.228933419959994,20.5978254225972,16.058398975898264,69.04511131306896,0.16338846390844586,50.16326661235565,0.49343594557641235,0.27268638782750027,0.07100954872685107,1.2503197142618325,8.613173394546584,8.116651630255117,0.7215195122704761
26.995512436311074,26.178427064190323,14.472861234533585,34.827733058308866,0.14081288095608635,68.76151066818113,3.742545894628772,0.37909047811340685,0.062140731525929166,2.090692994938181,12.994266240514607,14.299302152132855,0.37277884386664606
18.654891785628482,17.072859873898345,34.75103347747843,102.49745834555624,0.07406513707339124,64.53209030397691,4.217292009157243,0.1566778181043504,0.08501894090194978,1.8292148372136297,12.697903336937086,13.002628366138914,0.3538938174553308
50.86760762215922,24.519431520464572,35.54316945258942,31.66291818158014,0.5893513073376321,28.64267588120068,3.6673175807070613,0.0977175983275308,0.0536694948420873,0.688315215184705,20.914766008490147,19.424310431904843,1.0856238229844446
29.638308130688067,5.223332809389719,30.46913524982521,215.93135452220577,0.6020769798903751,73.97312150107544,4.084255744057174,0.2912444140277639,0.08386913096312919,1.7919908151917077,14.026600130191241,13.855140212828529,0.4656888939375431
6.7578236435583,16.027780731389974,14.448738930207497,109.5272243749589,0.8213903763193698,16.054098685600593,1.495982413013147,0.3130948473526758,0.032872547220044235,1.0496346303489634,8.00180328762572,8.133906527687294,0.7765428218933538
21.4455922483763,32.436055074636755,29.51157843317312,196.47363372957372,0.8359613310840178,25.706617501001624,4.603058819245037,0.18002522169379553,0.03427235860852877,1.84986077008748,16.477613817857403,15.523778866745664,0.6862801258274976
32.17405521611769,25.250104160398486,32.25296226523467,210.3575527313013,0.10194245233752586,7.539830453915323,3.327950192408629,0.22989150507508738,0.0864284928714068,1.4725035505447148,19.659917002502223,18.473672030180325,0.9726874124455314
18.40300169417116,5.518393203879995,15.932535813382337,109.87408803004261,0.9105253505448782,28.344767012650223,4.7282602264823925,0.24034884743305712,0.026956672343289512,1.5900701957102854,2.650799756396638,1.4262594899814216,1.258133139703971
66.2654989773894,20.680602860126818,12.520079341638285,104.07163481753435,0.8293831064827735,36.05363790888181,0.7305886050345063,0.34110308934746203,0.03655776062362433,0.9879942067744538,19.25431920412634,18.634673301534047,0.936183610591702
28.86536385909674,15.97665081526581,22.73993146969473,198.68502884511042,0.6472470729170018,23.098119624853656,0.7621742767465074,0.3017853300477489,0.02989471703891251,1.6550640528815892,15.732795346475868,14.747117184477395,0.6192464634031596
8.455016917128338,29.263263177238304,22.42643495495752,26.936389049297343,0.3470601101203731,5.945912019109205,2.373118479025302,0.1673548497893707,0.06968114434890571,1.3748116745751382,10.317579625470538,11.720244566599678,0.5681229514873201
7.940975217174765,8.445333168787489,13.212302526047687,117.44069657482788,0.7455860178214347,5.78857032581843,2.3391759811699133,0.16736388860693108,0.07461683622510899,1.4752866697791691,7.806814442440697,5.012546916816191,0.7940918179600058
9.525742130843858,23.12189082545983,14.518307988013863,73.72292430669619,0.620673718964351,74.29745173633464,0.7708036226017243,0.18398882602229494,0.08310327822873399,1.339385647209814,9.695228500937548,9.822077901725779,0.6241345526952893
12.00280480482482,26.362105594418967,24.986984974732085,170.5516864163163,0.35304644749360403,60.11047443126086,0.4872272940163993,0.12670490478193797,0.03027641273945456,0.4060022971334539,12.376901874962554,12.979180287940435,0.3827839490330387
17.777449217465374,22.863646417513262,25.932371415448852,187.3445510011923,0.013255714879659264,57.37964603162625,0.48465230222056643,0.1229691216207824,0.04252168375091756,1.2010705974541622,13.70591001268603,12.608289511533167,0.43682678336207403
22.519186571659677,13.23305208241506,26.28719268499348,144.00037386699466,0.5924609766327088,63.93004248103816,0.31427302050252326,0.34157169158273654,0.042203676331823384,0.39738575715873115,12.314243444686594,12.049861770904865,0.38842320775787503
40.36648522401302,28.795711090849892,41.38914164898361,101.386879293976,0.5764910044870456,57.06420705212112,0.1988774266062352,0.3461456716877372,0.08814305315405588,0.620152487084858,20.55578357695567,20.165786969787973,1.0533154041463417
31.549003416496973,28.80783118601766,9.34667157761287,130.99999586233093,0.15457797666981832,9.609307625372095,4.846545700856817,0.16322557564085327,0.06080355058665307,1.2036253845708533,16.19852692810367,16.11031601516939,0.6611623057496618
13.710339549696988,15.827889154749496,34.73387635905074,134.82854050179452,0.9063261563989532,74.4298200394932,5.60990121063375,0.35212697087462147,0.043624868780937895,1.0717313554087649,7.340734597277764,8.096479726803542,0.8360390040246698
13.802645626592469,13.000142277649115,19.9614721398914,147.02684579231487,0.15927640544405708,37.16080034908659,2.554051093687265,0.26263518056732443,0.040911538115487665,0.3910801675796122,9.533386410483553,10.187041008715685,0.6387003408361487
30.43731191394893,24.916852225051198,33.598851928064974,204.4386050266599,0.28709614838677433,39.007010624937145,1.1204426865445056,0.3078904947785917,0.04233104754721172,0.5607271957371481,17.23474518829227,16.55077054553837,0.7544219491666356
11.914875610190471,16.034583097574775,33.00496421702688,69.82464999137065,0.3719880445235677,71.49271470443381,1.9702119758996668,0.36174214405591754,0.06985267982011117,1.1840582783367957,7.576968620305891,5.861893228380872,0.8147779419521384
25.381622979145124,15.360479306755071,29.074742196613148,60.31432448497105,0.682965655212832,20.33772155980453,4.91109662260347,0.17867014324196248,0.05844980527424973,2.138553145758621,11.978960199074033,12.16713840127565,0.4185986998630056
4.877895848634845,18.51675477223325,29.459241980954236,58.045096726998075,0.08164012585890634,28.46146700918925,5.575508775474051,0.2919123378729473,0.06365273496496429,1.224152154544329,7.921781672816186,7.173173785012638,0.7837447672262118
23.203301604699117,18.742716943961057,30.562282945218772,159.4504767682287,0.7023744374493458,69.12588455411033,1.4321160274276172,0.17873065842518016,0.05293535376740259,1.7678516682070236,13.13228015917374,12.530639019910419,0.38520009654596804
21.08936769147636,29.888670856036455,33.41846207359205,200.97777015751876,0.4144777643283143,43.97461186233838,0.1836547753851654,0.3689327677533,0.021837917785752923,1.1418105487513754,16.621586622211343,16.87631553691306,0.6992376782193522
12.044967917024302,33.58457147147073,12.475080672698367,85.35787912353544,0.18294625524768482,36.51123724024491,1.8517128823082274,0.17586745150328686,0.06809755318549716,0.6642771476305969,12.538901773820509,12.042920037427841,0.36820395813582274
6.135452692300826,26.403887032751072,20.268520853289495,104.13482611951328,0.11208046718733666,76.59216594292535,2.312189130236332,0.2801068697173361,0.07068887051328503,0.34024601351382744,9.88602702822379,10.235683241080796,0.6069626852395275
5.321153115559984,7.64703248683932,36.62829348401669,213.63750032742857,0.4123360025626529,71.65379697368667,0.01804760529904814,0.1411284970503953,0.0326174107114997,1.0134367806243352,7.863706538212167,10.728362920210964,0.7889715293405735
20.045939466687596,15.133549872637719,26.628061736759175,49.05613911360439,0.4459827750270713,71.55421176345762,4.0885512783103675,0.1983294605111017,0.06545612385861323,2.047033283730109,11.153579715702353,11.935442134457887,0.49288294336645677
22.37396821750711,10.68841002170824,12.655814315498008,195.9109683678298,0.13730153337061324,20.91516378265739,0.7470146485958953,0.1924475875533351,0.08142830069802172,0.9171667534372894,15.222933596124271,16.75611720431688,0.5733589058715158
3.03038764085186,24.89795143558981,40.6960564897571,211.85704081087374,0.48246582595265863,68.2922699139086,0.4910471483820871,0.3201039021964675,0.06219379978822592,1.0002020226429986,14.531384215831354,15.113802365427597,0.5111194616451532
2.9213545405182617,22.94422296707062,41.58644028261326,179.9009666723564,0.5024386031000043,54.252075611175336,4.314811989138952,0.17171048199775435,0.0667978650532978,1.6161671223145586,12.950278985021235,13.038193225914581,0.3688199908722426
7.259346996149839,34.47362377416076,25.431025218069532,87.28117171088077,0.9810105177894052,56.864563968534235,4.624694786742552,0.18477077116542523,0.06904986393286253,1.7001343915744214,10.374052243384675,10.973765869572551,0.5630404158750478
8.122986510939986,18.430892017259254,26.128598380819025,150.71622192002715,0.7133043031501126,8.587304058287682,1.1041689238752241,0.08301271555207575,0.04270346123309024,1.4559305880049425,10.041306906609865,10.585438189890583,0.5929874961847807
9.935746339218174,8.163758051967395,17.92881629483376,78.28395110375588,0.012168944152816885,46.680089905205755,4.610941375138593,0.18106782171200514,0.03080066807632564,0.9426320879038053,6.82998975246076,7.813587979599143,0.8820060400582002
20.125024544511696,22.95180277139022,25.549502102265595,44.16729750156222,0.4768681997787383,21.3921013796261,1.784933000597408,0.16708719005191633,0.0530855984016973,2.095986173346788,13.319946410043935,13.38762411686855,0.4020900591242855
33.93783548071626,16.00832008428823,40.93868316518382,41.47457698314097,0.02158983179650964,74.53368742030308,1.8487300369657056,0.25427436592428676,0.03622572703639325,0.9697697438787356,15.278213276158771,13.78673331503752,0.5783340770746208
34.2919514677699,10.339518049242745,16.655339349177154,21.86869837110537,0.511212974238124,47.12245347742832,0.7345941014320043,0.20856974785429644,0.068089539269879,0.8548186366253507,12.22406580635084,10.550384615936055,0.39653919520809294
27.21644174233638,16.129659344983416,18.356973365213666,215.67127020045706,0.3379371040636082,51.3042410343038,1.359083973205945,0.39375082618684965,0.07004467026836521,1.9020033422797862,13.39732944378628,13.923136026238518,0.4090545321610966
33.29352195498592,12.145510067142748,38.51503509392758,151.01618043694384,0.9035067870596001,23.24637080110043,0.23261384638019478,0.2547623159443089,0.02057276189009287,2.0769220886012523,14.092782555717381,12.808920089082074,0.4716453122348957
8.416175189689149,10.916375711150145,21.069439750964296,84.24742384116158,0.49328899540524485,36.60320880488329,4.031775098700353,0.10327957529728937,0.08679408597685552,2.117470206118627,6.760761101858025,7.543287579300766,0.8882366186124463
26.739484726113886,19.50920841218502,41.065928272625015,135.81571942400979,0.8499042620153793,44.70511756799127,5.108220642456315,0.33903528730657484,0.08475011799286478,1.3131146445948714,17.07261659301649,18.598682275935342,0.7398303755918156
29.13606768760006,29.30032258627238,19.88601225828964,143.81478998627927,0.5838724245212231,65.90301343914612,0.29006339190745134,0.09704475266435601,0.029235723716221657,1.9520336427680984,15.564620719652034,15.313068489547113,0.6041107469890145
4.3497584255555175,31.56994021496317,8.157499020867412,56.585791922200215,0.39651318539867697,50.869004917854845,1.5324455590583277,0.34791349136370975,0.0534456179176961,0.6490493412106518,3.9645553649849674,5.345490062451017,1.1398951349310216
40.681083517606154,12.80947205830754,40.426677342214404,77.77363631071145,0.22970696980417804,13.477753911108046,2.0772428986944944,0.20975077940037729,0.03463160863529749,1.9890982794231797,17.76997415715834,18.065163540064688,0.8025925563645822
30.037724515494205,18.452238431168816,16.057604353133947,129.4555507907565,0.18315709599837737,38.80858783000689,2.3552765362195434,0.09973661332888831,0.08747425013013996,1.7405644380846859,15.245749903494477,15.275298745944466,0.5754123735348344
10.957155347810424,30.286745055251618,31.60009639126407,187.95889988155136,0.7945462962015212,27.16420434748202,4.94523986445296,0.3927569808633319,0.05962228652678321,1.0584557357300517,13.267560974352595,13.350605614656999,0.3973753699120649
3.5899634642207885,34.66032054257395,9.611040283552079,45.91773303642844,0.8829865570812248,45.41868691118484,0.2572626479234059,0.2385361715731974,0.06901115912531923,0.7658504580385053,8.970928126332772,8.023758691491395,0.6893215864097191
19.76935674446188,30.497962403539805,33.440599097420474,191.66714904723545,0.32408507002760856,40.237632819432875,3.6846802645100776,0.35354017572197527,0.08845198280233103,1.7433346061742203,16.30232627624775,15.209482795723318,0.670504247082629
13.675111813414624,19.821078619913383,15.482346024074554,141.79722174259723,0.49461252423821245,6.674607996419053,3.1936047720963945,0.21457855662149533,0.06711008259253091,1.1181114899470166,11.010017536858873,9.13581087308234,0.5058035394623699
5.939479508251465,31.104078266412465,35.20854457594507,117.93186883739968,0.2875016095171421,20.56376899256977,5.030845348579195,0.22771438637633834,0.0809542542930664,2.1593693721692313,13.6088131651559,12.773083168457372,0.4280880670843623
17.52760118554917,26.198818325325234,40.86439975788924,48.7880799769866,0.45529440116755215,54.50591786743995,1.8351826150411559,0.1959565136173344,0.03683864197244091,1.923740523326386,13.79533702764528,16.234246036493214,0.4448752147084066
12.095131056583712,8.405463040801777,9.537698495801296,129.98077139649723,0.8694913731115523,45.824688916562366,0.6109196862884101,0.19805503464037388,0.03605739976119543,1.8018189048193192,7.233234005957769,5.530797231169336,0.8457140572434694
30.193508883009923,7.52424585486315,20.511730481713826,90.72632155260021,0.13797455500158096,8.996099968973565,0.783468039342244,0.33390567512170766,0.050883760306894496,0.9342051186374494,15.416555651952175,14.075303011619612,0.5907848908960271
2.8202010058431517,33.087924448234354,32.336469467521525,57.79343313753007,0.2914860268283572,49.82504766583782,3.7834682982203596,0.08985102889911656,0.08170337938199766,1.652138287581911,12.164151108037997,11.245778637561797,0.4019315180562488
32.25794800851897,32.73327061895161,41.8787987146168,195.99468926017815,0.6952715704494526,42.744209408361826,3.2745381345589757,0.23675647152182022,0.022738415059154214,1.7362572268004564,20.23848350375326,19.37361672123915,1.024758397558125
16.6064979944241,18.75096898367922,20.343520412682423,112.11453015255029,0.31062578058466006,16.265116842469993,3.553700483137045,0.16497828056466224,0.05089686256295806,1.0779514589486054,10.521067135359447,10.828096370079017,0.5498090755973184
26.931929824351528,24.854743976071166,41.829313111533146,35.951206445385765,0.08115617242767026,5.146944992912762,0.8225482922613019,0.2581500078870392,0.07774355440002646,0.4797095673532015,19.391402851317068,18.693937881417433,0.9485211388388675
42.9170752901841,14.143759235199258,38.572291313419626,80.42773843041942,0.37440528118402683,30.156218724980345,0.254939891262713,0.14886774331735347,0.032421681523833054,1.6970391328108885,18.05854473114276,17.832236920668976,0.8285639080231798
22.782210629909414,26.041960328245782,32.456602374999754,56.30097602864994,0.6763920002609853,63.47699482627305,3.3989601662341586,0.19160020761522503,0.06310078083302663,0.8594852401586242,14.434237237343476,13.465806178957571,0.5023762335812443
31.911610606467924,18.385529944518336,20.984492019438125,207.84903310022565,0.9840049346013388,14.977261538680251,0.486370697669515,0.250642579041887,0.024897345444159613,0.5522477736157818,16.066115046817906,15.524361419896783,0.6492452364339429
4.81265360307992,15.45447928118972,26.25511166258982,68.61239424257278,0.8921429949766916,75.83237583516244,5.577842756700243,0.31737871548075425,0.02072601133506872,0.3810974743460443,7.695246733805806,7.627217731351947,0.804132911737146
5.360632630615194,18.21813080226567,32.49179016047911,121.27934151234483,0.5618778356133606,45.684012277018205,4.819905963886398,0.38271001444209174,0.042323159197864516,0.921790126803375,11.22983874519046,11.076445914947053,0.4860196307125272
13.511419851189695,18.666623043414,31.31478105758592,169.1044982240621,0.7773331335088302,61.87961794432248,1.0797171448212097,0.15780142986433776,0.07639504172553731,1.2688920495143707,13.068869046004135,15.326940139556179,0.37949309636070355
10.465199052364936,33.282788216192614,17.80560102164895,51.70217526124568,0.5713881754428211,78.26405948084945,3.587067565490687,0.2345323516916934,0.022893526802111767,0.37295292156703286,8.463451332937186,8.431318515432487,0.7349944978153218
24.07637333405375,31.54941265486864,26.945397480800736,107.4975191212795,0.4938970860034456,24.698862509146362,0.7921473225578297,0.19156717510632995,0.04553594721013628,1.370462749620143,15.086115028494943,14.847009423382664,0.5610452347848762
24.056210099839323,10.833019609369991,36.390842186992224,150.65628054863066,0.1706326036421597,48.71430031474255,5.617025652859459,0.2739317947930508,0.07100414439536333,2.0012349975691004,12.311940288175535,9.465400746166372,0.3886304918438704
36.95694065264875,13.354037941119152,24.15257028294935,196.39074487355649,0.29216951745965014,30.549284939095546,3.536710490523708,0.19727371579338648,0.045839350290384044,1.4360551437756275,14.400797420789997,14.674312395562888,0.49936665009143116
16.51736171791108,13.981244580071102,27.252254944468334,150.82063443448993,0.45210689054808095,11.34093889692635,1.9065308130482168,0.11103011752608527,0.05351646184050737,1.2967156070894834,14.202668731403989,11.95107130846135,0.48153506804669044
4.818721783787045,5.347114268573821,19.136178262326936,36.01676962011547,0.9856036459704535,64.51262729964122,4.082402272456849,0.27660697422587577,0.055024452967979226,0.7413042353080797,2.3602273131335663,2.989159768407508,1.2842846595976476
37.21880436953556,20.912908274056804,13.443490416813745,84.3122926224396,0.6085623868984944,5.906485202596949,0.015230644986569342,0.09138020800500439,0.08355758033774706,1.1345729591534024,13.717484491190891,13.879840297572288,0.43786848642751164
36.0644867171681,19.480748659004576,10.243307338604392,90.1864403729931,0.944878731098092,70.16262210867133,1.7271466434510225,0.0937735852561531,0.0813124168821135,1.441075686230542,12.163296094194294,13.07289886912821,0.4020084693021821
13.646901119064536,8.738082017924864,21.805889789602347,97.65468984595564,0.2586829223872441,64.59143916482944,1.4050151607099466,0.3629507023976853,0.024453769336615902,1.9436911491354238,8.18077547057809,7.457526466201491,0.7604353254276404
36.75277813620726,34.70712638390412,29.48017418812958,208.32370784506597,0.06897125732061327,52.880045211556116,2.077062163674086,0.358489836479575,0.06845472613454426,1.9754936692436884,24.201253755758913,24.232010723452415,1.3814077202386335
4.32197822943265,27.838557840378716,33.840479842831655,27.140670431944642,0.9783750766120805,49.33549355606599,0.5118380194620302,0.26006853510069927,0.05800436136640014,1.1586642766913382,9.851404401780552,10.621777617310945,0.6100787216194188
14.417506041759218,10.49260275536583,10.857847632492769,80.43472287695329,0.3296242891822355,68.42453813952258,5.807937976832733,0.08576089754194094,0.04481640163367244,0.6489620770552628,7.190738294747618,6.131053614207177,0.8495386712523829
7.048352000118031,26.159941341167716,18.82858452567253,118.49118426669688,0.5353061191396459,9.177875389547644,2.807325631110188,0.18979378218559567,0.054478367126501226,1.6440088119871887,9.592069963764688,10.287509073000436,0.6334188210408467
31.38646699624794,15.21900772607012,35.46878057883186,37.27920484888578,0.07114294468219262,60.229274491240375,5.138448882409796,0.1908056416163406,0.08158638061650988,2.1060826861145348,12.855771039052263,13.4990230575054,0.36031427573503505
10.622335733966281,23.985427535674198,11.816681968463357,116.70759214615225,0.8603915435096204,18.531454011313016,0.35708004116715486,0.3106849076509822,0.0741140632678749,2.1200159296836105,8.807591733190538,8.653843025781812,0.7040218617925201
34.003539433440686,19.11472699826131,41.771538282472314,41.425783442110216,0.0006800892946756676,6.526562459654315,5.068944416888125,0.33981078296212375,0.05976508161319684,2.1917400751918996,17.463397517470458,19.262926091746582,0.7750006587926725
6.541093520893654,9.165736203767295,29.511414143282234,187.55644293981408,0.906011893669623,28.4217584144299,3.91820845050906,0.19335666654609973,0.032292260833003544,0.7792447260932216,7.54867314121992,8.136403635162784,0.8173245350698757
59.231094593604254,18.80260116890375,39.96059834285756,74.01687837364524,0.1653708640773247,29.537673006721835,4.072639213415657,0.21495662433859486,0.06330596584783227,1.8901549377229603,20.935884572265515,19.027350179598287,1.0875244937242277
13.43130110951205,33.85061488258344,32.82956159038345,124.60223650104447,0.18347827863885524,19.446340831087966,4.83805629650138,0.1518911246466114,0.054861686364348794,0.3982377572135113,15.50326770771384,16.630372145105554,0.598588975914577
12.378920431790918,27.443916286883898,40.77184339965552,143.66357087411959,0.8257994515569463,58.31275288860511,3.1564386026798044,0.3129338797849303,0.051281771231080145,0.32857196520730886,13.33385913226089,12.58361500687491,0.40334220412381155
29.873829864432917,23.797467079131675,30.6213157375397,81.14512341142301,0.3862304230592023,46.91832156868282,3.804068223436503,0.19172890462348136,0.08606808896333325,1.5801569308147996,13.740173350188774,14.649530004684745,0.4399104837373211
22.745866494561376,30.30580619628862,17.114600484672863,90.26293995656587,0.25601782549530105,74.00458034828955,5.3987078501533885,0.30575371284635167,0.08948412879957769,0.5277752004313674,13.244226809159592,13.581127888140223,0.3952752950446947
13.539582945139355,29.861634093192208,35.20923877955369,122.1032107828856,0.5964410360690969,62.126917940936295,0.7506276941905228,0.30620805466971684,0.08659515427275756,1.0378837198995412,15.290024323940102,12.278438578102966,0.5793970713749406
12.065159770882696,31.64611755570413,15.686372239928385,181.08693976903828,0.2544114782747743,66.95974365652279,0.33399626171417496,0.12998838098887078,0.07172127635057679,0.3236596680703035,14.16495563890285,14.854501643153007,0.47814088972158786
48.0966608257604,8.265794061868458,27.210196382059014,110.53837540316565,0.2865474042366678,72.68782372102349,5.896154194462013,0.3633532032435538,0.061920725441774405,0.46490356879281486,13.063863321876935,12.811175186295578,0.3790425811892556
15.828947982829135,8.883517467291055,20.683396217963136,118.17918486709496,0.045550333960988953,65.47691453578297,5.288986162646844,0.34384729919266455,0.04236033186117816,0.6964469919111498,8.438134272336129,7.914364730342544,0.737273033269417
16.293197614998636,28.96683031163957,35.16968717946546,139.1729873017519,0.5394112796593747,13.860190882650434,3.0839158378728735,0.26656369734825747,0.08630265301913645,1.3534874229770912,13.723310966065029,13.242005231655998,0.438392869166184
6.560490891705568,34.86026562629214,33.8226539232365,105.04228796591006,0.12941910571057091,18.910932019669882,4.6846239146628665,0.10762393946133575,0.051893418069819466,0.9306874711470112,13.272215904816642,14.171537800449745,0.3977943136538292
41.57439946952015,21.876300578905607,37.372406266322265,165.21567125526514,0.8371213779342331,35.1358665873546,5.291525220809197,0.133521578141686,0.03411410444033739,1.3713279365679283,20.462413939332247,19.412165288301516,1.0449121367602336
8.36051782155542,33.92798148203852,16.396207517480608,20.98152145882462,0.7510201351820648,29.905030688004718,2.8011382390649797,0.10949712528844831,0.02775182762730792,1.5330490074436234,8.907708594069014,10.176848738080473,0.6950113443134573
7.652388218900156,24.88443484831252,41.91691567994461,116.60394690265007,0.28545927469926025,71.40692025756357,0.5877531476111106,0.2283567839843762,0.07850491126964074,0.3063944879602745,12.802070585589812,11.069669644434287,0.3554812349234145
32.42311330150783,7.5595693738196035,35.38260504080392,204.6032360155081,0.5337785773483824,44.3149976733873,2.8838678071079444,0.16496405424794588,0.042971529344171006,1.9106282226398745,14.2994155689872,14.636506953241334,0.4902422834291794
0.6471295705949935,32.78758901521633,21.14790851499854,143.1807536307996,0.5773768915135781,70.69522041600236,2.108237328665221,0.3458549362180975,0.07363554019859204,0.40971657399869255,12.09515570194893,12.975737887535004,0.4081411046042649
19.4835965129745,30.17637410097779,12.340567281372653,117.27994848898464,0.6664516950837737,34.037110188070585,0.13885251077996297,0.21950604762698617,0.06391742006889196,1.9588037571273003,9.779881573110886,10.632485660976347,0.6165157761996888
12.33312542110438,21.075440400128265,19.88046830730102,174.40496709429328,0.41892076241839915,72.98812619717019,5.754282775299926,0.22467135167708557,0.0398465878769107,2.1545139882722055,9.561243951951436,9.771092522288734,0.6361931621040393
14.759283422192444,27.317199466084606,11.610203344545255,98.60014850637837,0.6525321714757648,10.37956751699694,4.294705576250612,0.3750161566086699,0.07954685464257029,2.016688518564683,9.832859788437268,9.597112661111858,0.6117477368203144
8.590362580144316,15.546616457042754,28.922654245473645,113.44912294468972,0.16938966498625796,38.41607442009378,4.7149108149240915,0.26488688452560727,0.07914123531065743,1.3301310527563805,8.233060248245232,7.606077407516304,0.7557296954375976
10.479955124227969,23.4734084750424,11.8393614439576,59.03194428149648,0.4710187315656543,72.58455115881067,3.580560563219634,0.203950808198089,0.032027626851079974,1.762364449167023,9.523374402868397,8.129815104926426,0.6396014215215129
3.04646986235232,17.39718132138463,22.637429413553843,44.840830181588956,0.09400626715564664,38.72195824160555,1.6150259244786125,0.39470639094542936,0.02852224940180796,0.6280960612363167,6.269192437914011,5.48752852157274,0.9324777983674075
29.892018615747972,20.8139965634968,30.697293422579783,25.104544834271007,0.9410698046655295,59.95189472300414,3.5082137439585366,0.22797945027599364,0.062035720772281325,2.0804756939932565,12.784085126711707,11.688113346267635,0.3538625436243851
13.60289691873946,24.096590301052277,23.404402537844568,166.3017807710866,0.40140936828644735,32.065750392391905,4.081628477268216,0.2654976765706833,0.03633857450615971,0.3443252149512742,12.278179115253298,10.99531856522334,0.3916689974068717
34.04444474643486,6.616083649788784,37.97612150789912,113.6380228357838,0.6174415001639944,67.19076287295545,3.584040344166323,0.20224030584543312,0.043253149415534264,1.3478104229319805,13.23953019372382,15.29576014325403,0.39485259965547514
64.20401083585082,7.8807030641868785,16.193746981483763,207.87064991939565,0.48981634215429026,52.35602874273536,0.7628657153273044,0.29414638886779476,0.0855701295516228,1.1762590206448362,17.6145427608678,15.654395693130075,0.7886037306984333
6.743723248050905,7.472373790764078,25.81232823124217,55.36320993819333,0.02681756434188476,65.88939295508497,4.881311846950471,0.3282584777637985,0.0322888284968808,1.8141015676471404,7.213004299557671,8.49608535428659,0.8475347308194782
25.96180604014444,22.84788395041732,39.04814609649678,68.79668593680194,0.06271349787556868,45.236530046644376,1.7853142052616389,0.28116551281834556,0.05293449890048184,1.7155629928858978,15.864168847645077,14.454556529179314,0.6310700785083883
7.487948015051586,17.387231867907087,20.00879357884898,147.74518930692508,0.26455624757823115,52.82108181566366,2.3803900644424045,0.1594946871922051,0.04064328861800036,0.9273400390600228,10.453199968358078,9.28797589272446,0.5559171206274416
9.460386261834186,20.001810437257518,24.07212267313203,30.9195371261376,0.6749350593620272,44.64912231112814,3.304279292975299,0.38153507074006104,0.044355145670186426,0.6107042346665352,9.593373402316443,8.40951117390826,0.6333015115711886
15.737564264605862,20.00844326279,39.71672075008635,120.68265080382923,0.6414346732757498,47.548401066448506,5.865814130462941,0.24374969160556365,0.04590644414614725,1.8091195738803367,15.524483683180826,14.258541319593078,0.6004984137066057
57.737088275196044,6.214118963564709,24.976662893059437,44.71630348229525,0.18794499124222852,56.687513268239485,1.8751471391808474,0.34432729310650556,0.03819977160614499,2.1572073019529414,18.216076836102275,19.26813155063622,0.8427417974695361
12.810290328472561,28.881766145065427,37.38419602758914,52.27949085129755,0.4886132130782421,14.063567716838719,0.25125505613654475,0.08282391145213377,0.07344440644127634,0.4859527808433772,15.148448755871637,15.819186991303505,0.5666552702487788
15.398910249347503,26.020640022072044,39.97565164517691,122.41997466856843,0.3670612170626847,62.64328967847783,5.834736361648963,0.2456844363222508,0.07683097855642096,1.69248545742729,13.859553797847214,13.594390787565029,0.4506547240265807
19.52171809678242,25.637030904139817,16.707478964307622,133.8141618624834,0.5685442736555306,31.64057025503201,5.744875336107757,0.37938545969861914,0.05776620903034008,1.27980539368511,14.455302022367459,17.541689140359107,0.5042720642334027
15.166005963095586,6.027527590525461,34.718586174311596,62.4069489836046,0.33468632128158937,5.943421218703183,1.1896796258404474,0.300227236562941,0.0829512407144231,0.8927737506253071,11.31656519045414,11.297496689018766,0.4782142506387959
6.7206441862470845,24.551543040483963,30.227669064211128,74.24772317362223,0.8961981008439106,53.275614264042225,4.974263184032818,0.11653841301669857,0.0295655597217618,0.32744973610980743,9.146450265757553,9.21470916708854,0.6735245938614888
35.93140927301401,20.0137332802529,41.5484519142478,76.82151752675948,0.47241859237204553,51.02299365796767,5.517702810441245,0.3071913601266031,0.055461738734695856,1.675727513556519,18.113163826938145,17.331536715077444,0.8334796266447644
11.78773213838007,27.817029365428454,27.909408796262213,48.36196559948565,0.4265778370068195,59.436593691704445,0.07795278440820574,0.08480661535191171,0.07799007335302975,0.5508575508477136,11.128852162571533,10.211455859636548,0.49510842314823056
4.723508294000095,7.906144786090153,34.95442160453975,213.14417043494097,0.7033262941678026,79.87393447076529,4.528498663213815,0.19797785771135573,0.06346394133868953,1.9165498875535893,7.8277504939552465,7.220001346057289,0.7922075733236964
20.775829177869788,27.401257873309298,19.753562605488256,158.43998617176382,0.7806877404185467,39.60867552382674,1.0793143624062107,0.15574500265072794,0.08895022953979904,0.80272234976057,14.154581079576692,15.125552405743546,0.47720717938223367
37.42657962127304,33.85064547037271,28.617310294150897,42.16836628543688,0.437552710192457,77.99917555553418,4.963083926682572,0.16060395825986684,0.06170208540515794,1.425453810331598,18.35080505085598,19.00188449654679,0.8548673367973695
8.507908307333786,30.529593092046696,34.471731690194815,91.43203638436361,0.10896019707829452,48.33359429491511,0.1256771149228475,0.09327383407014224,0.08720200665004567,0.8400585115490742,14.785040713605976,16.25632686206214,0.5339485464448692
13.743105050509875,31.82511679571682,40.87505356938313,54.52055912000134,0.08508901473569708,31.84077708960803,4.1474488183159135,0.2774823267206266,0.026909437140643245,1.6342934636283462,15.57503801008571,14.757570228695343,0.6050483031280453
16.198131902150134,7.274027016713635,16.56259063296126,66.87722666498364,0.3268742875688647,55.83423724280148,4.90065262229335,0.31740921143651735,0.022983739208428458,0.5225858688772118,8.002506687971897,8.674547030735411,0.7764795158621978
11.062884386124583,20.8893038188382,10.682422553625715,207.89555522600946,0.7325822761179959,19.73411142525958,0.21383267774823378,0.17338688534490365,0.04495598303079583,0.9517351669220557,11.381707817697412,11.729987134755676,0.4723514141869014
16.631694219646658,12.399873818425444,41.19436017423574,47.350590659068956,0.653638783834341,77.47190840836971,4.542378895085025,0.267792187177966,0.0788933353833186,1.2670226002229024,9.546034123298089,10.041024518918103,0.6375620466828406
47.03073205445235,21.347718935489965,28.489816350861293,195.9623459366783,0.28773535438235265,38.07932382864478,0.7125817747905026,0.23916600515088604,0.023535659238135023,1.4123684248853032,20.68056127392388,19.695857047977082,1.0645453968734806
16.88745332030281,26.19754178356002,8.586529196463635,188.36700697042244,0.004393375631808416,5.797358922442726,0.4745146061372367,0.39780746731334793,0.037660707874020184,1.4011978875663067,9.88438827894034,8.700232678841386,0.6071101726750379
23.94284491610061,27.404726920736945,25.679644137846793,168.73365038095676,0.6426725997905931,54.14941294474438,5.523988944756468,0.3399462694964897,0.08895129053410053,0.45085223253677165,15.479299378615254,16.093917022037893,0.5964318262957042
12.401208648057592,34.74787904819337,39.82547183811487,119.34440478417703,0.5644003439964344,14.024771636574162,5.538181702225284,0.3827321562233448,0.06486755793466356,0.36417499799677205,14.634291072867587,15.62932983963096,0.5203810787784142
20.398955948878644,33.72879475270296,41.4704393998768,71.67353095413588,0.7724891914852918,11.668690504039057,4.446843122980633,0.3437854818818669,0.04751766804384459,0.750664015048417,15.649933627109519,14.945064711383331,0.6117889086601881
22.247574377145035,12.414611000968975,19.07417959136871,186.1959731385677,0.6861658311336846,6.766584600037649,5.34123213581191,0.2904549312084431,0.025450318843683824,0.3716420245175531,11.358442310204252,12.052742427950784,0.47444530986128586
28.668253796494014,32.46845877471838,34.5849093157274,186.81499312786315,0.24690027393483438,71.22258059199713,0.10024481996762757,0.10277314415242558,0.07286694599904116,0.719146319642589,19.73389639672364,21.101183339607203,0.979345557925459
11.462264879005028,31.520429611881912,23.595750948240926,125.06319906922495,0.7328993700339828,7.525843923362856,3.070071076600974,0.3545261748618828,0.08477142313861817,0.4125916822463473,15.988852591214133,15.576403125939793,0.6422916154296034
14.197219206486192,26.703085844792255,21.53233289620629,29.522677283233637,0.4863810871399712,45.29017028044277,5.22982946490975,0.32352616241931037,0.07190805086525799,1.3019572667776314,8.772268332910464,7.132021937458129,0.7072009678177268
